researchDevelopment,effectOfAccountingCharges,incomeBeforeTax,minorityInterest,netIncome,sellingGeneralAdministrative,grossProfit,ebit,endDate,operatingIncome,otherOperatingExpenses,interestExpense,extraordinaryItems,nonRecurring,otherItems,incomeTaxExpense,totalRevenue,totalOperatingExpenses,costOfRevenue,totalOtherIncomeExpenseNet,maxAge,discontinuedOperations,netIncomeFromContinuingOps,netIncomeApplicableToCommonShares,symbol
,,1109000000,,817000000,743000000,1909000000,1166000000,1561852800,1166000000,,-57000000,,,,292000000,5511000000,4345000000,3602000000,-57000000,1,,817000000,817000000,AFL
,,1.11B,,817M,743M,1.91B,1.17B,2019-06-30,1.17B,,-57M,,,,292M,5.51B,4.34B,3.6B,-57M,1,,817M,817M,AFL
,,"1,109,000,000",,"817,000,000","743,000,000","1,909,000,000","1,166,000,000",,"1,166,000,000",,"-57,000,000",,,,"292,000,000","5,511,000,000","4,345,000,000","3,602,000,000","-57,000,000",1,,"817,000,000","817,000,000",AFL
,,1242000000,,928000000,719000000,2019000000,1300000000,1553990400,1300000000,,-58000000,,,,314000000,5657000000,4357000000,3638000000,-58000000,1,,928000000,928000000,AFL
,,1.24B,,928M,719M,2.02B,1.3B,2019-03-31,1.3B,,-58M,,,,314M,5.66B,4.36B,3.64B,-58M,1,,928M,928M,AFL
,,"1,242,000,000",,"928,000,000","719,000,000","2,019,000,000","1,300,000,000",,"1,300,000,000",,"-58,000,000",,,,"314,000,000","5,657,000,000","4,357,000,000","3,638,000,000","-58,000,000",1,,"928,000,000","928,000,000",AFL
,,722000000,,525000000,795000000,1575000000,780000000,1546214400,780000000,,-58000000,,,,197000000,5126000000,4346000000,3551000000,-58000000,1,,525000000,525000000,AFL
,,722M,,525M,795M,1.57B,780M,2018-12-31,780M,,-58M,,,,197M,5.13B,4.35B,3.55B,-58M,1,,525M,525M,AFL
,,"722,000,000",,"525,000,000","795,000,000","1,575,000,000","780,000,000",,"780,000,000",,"-58,000,000",,,,"197,000,000","5,126,000,000","4,346,000,000","3,551,000,000","-58,000,000",1,,"525,000,000","525,000,000",AFL
,,1146000000,,845000000,730000000,1929000000,1199000000,1538265600,1199000000,,-53000000,,,,301000000,5577000000,4378000000,3648000000,-53000000,1,,845000000,845000000,AFL
,,1.15B,,845M,730M,1.93B,1.2B,2018-09-30,1.2B,,-53M,,,,301M,5.58B,4.38B,3.65B,-53M,1,,845M,845M,AFL
,,"1,146,000,000",,"845,000,000","730,000,000","1,929,000,000","1,199,000,000",,"1,199,000,000",,"-53,000,000",,,,"301,000,000","5,577,000,000","4,378,000,000","3,648,000,000","-53,000,000",1,,"845,000,000","845,000,000",AFL
,,1078000000,,851000000,1505000000,2759000000,1222000000,1561852800,1222000000,,-82000000,,,,227000000,11144000000,9922000000,8385000000,-144000000,1,,851000000,821000000,ALL
,,1.08B,,851M,1.5B,2.76B,1.22B,2019-06-30,1.22B,,-82M,,,,227M,11.14B,9.92B,8.38B,-144M,1,,851M,821M,ALL
,,"1,078,000,000",,"851,000,000","1,505,000,000","2,759,000,000","1,222,000,000",,"1,222,000,000",,"-82,000,000",,,,"227,000,000","11,144,000,000","9,922,000,000","8,385,000,000","-144,000,000",1,,"851,000,000","821,000,000",ALL
,,1620000000,,1292000000,1395000000,3147000000,1720000000,1553990400,1720000000,,-83000000,,,,328000000,10990000000,9270000000,7843000000,-100000000,1,,1292000000,1261000000,ALL
,,1.62B,,1.29B,1.4B,3.15B,1.72B,2019-03-31,1.72B,,-83M,,,,328M,10.99B,9.27B,7.84B,-100M,1,,1.29B,1.26B,ALL
,,"1,620,000,000",,"1,292,000,000","1,395,000,000","3,147,000,000","1,720,000,000",,"1,720,000,000",,"-83,000,000",,,,"328,000,000","10,990,000,000","9,270,000,000","7,843,000,000","-100,000,000",1,,"1,292,000,000","1,261,000,000",ALL
,,-364000000,,-269000000,1573000000,1411000000,-267000000,1546214400,-267000000,,-81000000,,,,-95000000,9481000000,9748000000,8070000000,-97000000,1,,-269000000,-312000000,ALL
,,-364M,,-269M,1.57B,1.41B,-267M,2018-12-31,-267M,,-81M,,,,-95M,9.48B,9.75B,8.07B,-97M,1,,-269M,-312M,ALL
,,"-364,000,000",,"-269,000,000","1,573,000,000","1,411,000,000","-267,000,000",,"-267,000,000",,"-81,000,000",,,,"-95,000,000","9,481,000,000","9,748,000,000","8,070,000,000","-97,000,000",1,,"-269,000,000","-312,000,000",ALL
,,1039000000,,870000000,1534000000,2670000000,1136000000,1538265600,1136000000,,-82000000,,,,169000000,10465000000,9329000000,7795000000,-97000000,1,,870000000,833000000,ALL
,,1.04B,,870M,1.53B,2.67B,1.14B,2018-09-30,1.14B,,-82M,,,,169M,10.46B,9.33B,7.79B,-97M,1,,870M,833M,ALL
,,"1,039,000,000",,"870,000,000","1,534,000,000","2,670,000,000","1,136,000,000",,"1,136,000,000",,"-82,000,000",,,,"169,000,000","10,465,000,000","9,329,000,000","7,795,000,000","-97,000,000",1,,"870,000,000","833,000,000",ALL
,,343000000,77000000,277000000,555000000,1110000000,418000000,1561852800,418000000,,-77000000,,,,56000000,2606000000,2188000000,1496000000,-75000000,1,,287000000,277000000,AON
,,343M,77M,277M,555M,1.11B,418M,2019-06-30,418M,,-77M,,,,56M,2.61B,2.19B,1.5B,-75M,1,,287M,277M,AON
,,"343,000,000","77,000,000","277,000,000","555,000,000","1,110,000,000","418,000,000",,"418,000,000",,"-77,000,000",,,,"56,000,000","2,606,000,000","2,188,000,000","1,496,000,000","-75,000,000",1,,"287,000,000","277,000,000",AON
,,802000000,87000000,659000000,550000000,1563000000,876000000,1553990400,876000000,,-72000000,,,,126000000,3143000000,2267000000,1580000000,-74000000,1,,676000000,659000000,AON
,,802M,87M,659M,550M,1.56B,876M,2019-03-31,876M,,-72M,,,,126M,3.14B,2.27B,1.58B,-74M,1,,676M,659M,AON
,,"802,000,000","87,000,000","659,000,000","550,000,000","1,563,000,000","876,000,000",,"876,000,000",,"-72,000,000",,,,"126,000,000","3,143,000,000","2,267,000,000","1,580,000,000","-74,000,000",1,,"676,000,000","659,000,000",AON
,,421000000,68000000,345000000,158000000,1285000000,988000000,1546214400,988000000,,-70000000,,,,137000000,2770000000,1782000000,1485000000,-567000000,1,69000000,284000000,345000000,AON
,,421M,68M,345M,158M,1.28B,988M,2018-12-31,988M,,-70M,,,,137M,2.77B,1.78B,1.49B,-567M,1,69M,284M,345M,AON
,,"421,000,000","68,000,000","345,000,000","158,000,000","1,285,000,000","988,000,000",,"988,000,000",,"-70,000,000",,,,"137,000,000","2,770,000,000","1,782,000,000","1,485,000,000","-567,000,000",1,"69,000,000","284,000,000","345,000,000",AON
,,194000000,66000000,147000000,580000000,957000000,237000000,1538265600,237000000,,-69000000,,,,39000000,2349000000,2112000000,1392000000,-43000000,1,-2000000,155000000,147000000,AON
,,194M,66M,147M,580M,957M,237M,2018-09-30,237M,,-69M,,,,39M,2.35B,2.11B,1.39B,-43M,1,-2M,155M,147M,AON
,,"194,000,000","66,000,000","147,000,000","580,000,000","957,000,000","237,000,000",,"237,000,000",,"-69,000,000",,,,"39,000,000","2,349,000,000","2,112,000,000","1,392,000,000","-43,000,000",1,"-2,000,000","155,000,000","147,000,000",AON
,,105500000,68400000,110100000,250900000,524400000,158500000,1561852800,158500000,,-44900000,,,,-15900000,1603200000,1444700000,1078800000,-52900000,1,,121400000,110100000,AJG
,,105.5M,68.4M,110.1M,250.9M,524.4M,158.5M,2019-06-30,158.5M,,-44.9M,,,,-15.9M,1.6B,1.44B,1.08B,-52.9M,1,,121.4M,110.1M,AJG
,,"105,500,000","68,400,000","110,100,000","250,900,000","524,400,000","158,500,000",,"158,500,000",,"-44,900,000",,,,"-15,900,000","1,603,200,000","1,444,700,000","1,078,800,000","-52,900,000",1,,"121,400,000","110,100,000",AJG
,,321800000,77900000,334100000,254400000,667700000,302800000,1553990400,302800000,,-40200000,,,,-29900000,1882100000,1579300000,1214400000,19000000,1,,351700000,334100000,AJG
,,321.8M,77.9M,334.1M,254.4M,667.7M,302.8M,2019-03-31,302.8M,,-40.2M,,,,-29.9M,1.88B,1.58B,1.21B,19M,1,,351.7M,334.1M,AJG
,,"321,800,000","77,900,000","334,100,000","254,400,000","667,700,000","302,800,000",,"302,800,000",,"-40,200,000",,,,"-29,900,000","1,882,100,000","1,579,300,000","1,214,400,000","19,000,000",1,,"351,700,000","334,100,000",AJG
,,43200000,70800000,117300000,230200000,420700000,84600000,1546214400,84600000,,-36500000,,,,-84600000,1599800000,1515200000,1179100000,-41400000,1,,127800000,117300000,AJG
,,43.2M,70.8M,117.3M,230.2M,420.7M,84.6M,2018-12-31,84.6M,,-36.5M,,,,-84.6M,1.6B,1.52B,1.18B,-41.4M,1,,127.8M,117.3M,AJG
,,"43,200,000","70,800,000","117,300,000","230,200,000","420,700,000","84,600,000",,"84,600,000",,"-36,500,000",,,,"-84,600,000","1,599,800,000","1,515,200,000","1,179,100,000","-41,400,000",1,,"127,800,000","117,300,000",AJG
,,90300000,68200000,127600000,223900000,469700000,140700000,1538265600,140700000,,-36700000,,,,-48100000,1722300000,1581600000,1252600000,-50400000,1,,138400000,127600000,AJG
,,90.3M,68.2M,127.6M,223.9M,469.7M,140.7M,2018-09-30,140.7M,,-36.7M,,,,-48.1M,1.72B,1.58B,1.25B,-50.4M,1,,138.4M,127.6M,AJG
,,"90,300,000","68,200,000","127,600,000","223,900,000","469,700,000","140,700,000",,"140,700,000",,"-36,700,000",,,,"-48,100,000","1,722,300,000","1,581,600,000","1,252,600,000","-50,400,000",1,,"138,400,000","127,600,000",AJG
,,1358000000,,1150000000,758000000,2104000000,1252000000,1561852800,1252000000,17000000,-140000000,,,,208000000,8524000000,7272000000,6420000000,106000000,1,,1150000000,1150000000,CB
,,1.36B,,1.15B,758M,2.1B,1.25B,2019-06-30,1.25B,17M,-140M,,,,208M,8.52B,7.27B,6.42B,106M,1,,1.15B,1.15B,CB
,,"1,358,000,000",,"1,150,000,000","758,000,000","2,104,000,000","1,252,000,000",,"1,252,000,000","17,000,000","-140,000,000",,,,"208,000,000","8,524,000,000","7,272,000,000","6,420,000,000","106,000,000",1,,"1,150,000,000","1,150,000,000",CB
,,1228000000,,1040000000,710000000,2148000000,1349000000,1553990400,1349000000,13000000,-140000000,,,,188000000,7906000000,6557000000,5758000000,-121000000,1,,1040000000,1040000000,CB
,,1.23B,,1.04B,710M,2.15B,1.35B,2019-03-31,1.35B,13M,-140M,,,,188M,7.91B,6.56B,5.76B,-121M,1,,1.04B,1.04B,CB
,,"1,228,000,000",,"1,040,000,000","710,000,000","2,148,000,000","1,349,000,000",,"1,349,000,000","13,000,000","-140,000,000",,,,"188,000,000","7,906,000,000","6,557,000,000","5,758,000,000","-121,000,000",1,,"1,040,000,000","1,040,000,000",CB
,,514000000,,355000000,842000000,1468000000,527000000,1546214400,527000000,13000000,-153000000,,,,159000000,7606000000,7079000000,6138000000,-13000000,1,,355000000,355000000,CB
,,514M,,355M,842M,1.47B,527M,2018-12-31,527M,13M,-153M,,,,159M,7.61B,7.08B,6.14B,-13M,1,,355M,355M,CB
,,"514,000,000",,"355,000,000","842,000,000","1,468,000,000","527,000,000",,"527,000,000","13,000,000","-153,000,000",,,,"159,000,000","7,606,000,000","7,079,000,000","6,138,000,000","-13,000,000",1,,"355,000,000","355,000,000",CB
,,1414000000,,1231000000,719000000,2237000000,1416000000,1538265600,1416000000,19000000,-164000000,,,,183000000,8736000000,7320000000,6499000000,-2000000,1,,1231000000,1231000000,CB
,,1.41B,,1.23B,719M,2.24B,1.42B,2018-09-30,1.42B,19M,-164M,,,,183M,8.74B,7.32B,6.5B,-2M,1,,1.23B,1.23B,CB
,,"1,414,000,000",,"1,231,000,000","719,000,000","2,237,000,000","1,416,000,000",,"1,416,000,000","19,000,000","-164,000,000",,,,"183,000,000","8,736,000,000","7,320,000,000","6,499,000,000","-2,000,000",1,,"1,231,000,000","1,231,000,000",CB
,,530000000,,428000000,,569000000,543000000,1561852800,543000000,26000000,-13000000,,,,102000000,1913000000,1370000000,1344000000,-13000000,1,,428000000,428000000,CINF
,,530M,,428M,,569M,543M,2019-06-30,543M,26M,-13M,,,,102M,1.91B,1.37B,1.34B,-13M,1,,428M,428M,CINF
,,"530,000,000",,"428,000,000",,"569,000,000","543,000,000",,"543,000,000","26,000,000","-13,000,000",,,,"102,000,000","1,913,000,000","1,370,000,000","1,344,000,000","-13,000,000",1,,"428,000,000","428,000,000",CINF
,,867000000,,695000000,,910000000,880000000,1553990400,880000000,30000000,-13000000,,,,172000000,2159000000,1279000000,1249000000,-13000000,1,,695000000,695000000,CINF
,,867M,,695M,,910M,880M,2019-03-31,880M,30M,-13M,,,,172M,2.16B,1.28B,1.25B,-13M,1,,695M,695M,CINF
,,"867,000,000",,"695,000,000",,"910,000,000","880,000,000",,"880,000,000","30,000,000","-13,000,000",,,,"172,000,000","2,159,000,000","1,279,000,000","1,249,000,000","-13,000,000",1,,"695,000,000","695,000,000",CINF
,,-581000000,,-452000000,,-543000000,-568000000,1546214400,-568000000,25000000,-13000000,,,,-129000000,710000000,1278000000,1253000000,-13000000,1,,-452000000,-452000000,CINF
,,-581M,,-452M,,-543M,-568M,2018-12-31,-568M,25M,-13M,,,,-129M,710M,1.28B,1.25B,-13M,1,,-452M,-452M,CINF
,,"-581,000,000",,"-452,000,000",,"-543,000,000","-568,000,000",,"-568,000,000","25,000,000","-13,000,000",,,,"-129,000,000","710,000,000","1,278,000,000","1,253,000,000","-13,000,000",1,,"-452,000,000","-452,000,000",CINF
,,618000000,,553000000,,652000000,632000000,1538265600,632000000,20000000,-14000000,,,,65000000,1915000000,1283000000,1263000000,-14000000,1,,553000000,553000000,CINF
,,618M,,553M,,652M,632M,2018-09-30,632M,20M,-14M,,,,65M,1.92B,1.28B,1.26B,-14M,1,,553M,553M,CINF
,,"618,000,000",,"553,000,000",,"652,000,000","632,000,000",,"632,000,000","20,000,000","-14,000,000",,,,"65,000,000","1,915,000,000","1,283,000,000","1,263,000,000","-14,000,000",1,,"553,000,000","553,000,000",CINF
,,382593000,,342855000,7535000,406462000,398927000,1561852800,398927000,,-8434000,,,,39738000,2026875000,1627948000,1620413000,-16334000,1,,342855000,339018000,RE
,,382.59M,,342.86M,7.54M,406.46M,398.93M,2019-06-30,398.93M,,-8.43M,,,,39.74M,2.03B,1.63B,1.62B,-16.33M,1,,342.86M,339.02M,RE
,,"382,593,000",,"342,855,000","7,535,000","406,462,000","398,927,000",,"398,927,000",,"-8,434,000",,,,"39,738,000","2,026,875,000","1,627,948,000","1,620,413,000","-16,334,000",1,,"342,855,000","339,018,000",RE
,,408791000,,348900000,6652000,429174000,422522000,1553990400,422522000,,-7631000,,,,59891000,1966183000,1543661000,1537009000,-13731000,1,,348900000,345237000,RE
,,408.79M,,348.9M,6.65M,429.17M,422.52M,2019-03-31,422.52M,,-7.63M,,,,59.89M,1.97B,1.54B,1.54B,-13.73M,1,,348.9M,345.24M,RE
,,"408,791,000",,"348,900,000","6,652,000","429,174,000","422,522,000",,"422,522,000",,"-7,631,000",,,,"59,891,000","1,966,183,000","1,543,661,000","1,537,009,000","-13,731,000",1,,"348,900,000","345,237,000",RE
,,-702298000,,-382274000,7153000,-683061000,-690214000,1546214400,-690214000,,-7984000,,,,-320024000,1798797000,2489011000,2481858000,-12084000,1,,-382274000,-378206000,RE
,,-702.3M,,-382.27M,7.15M,-683.06M,-690.21M,2018-12-31,-690.21M,,-7.98M,,,,-320.02M,1.8B,2.49B,2.48B,-12.08M,1,,-382.27M,-378.21M,RE
,,"-702,298,000",,"-382,274,000","7,153,000","-683,061,000","-690,214,000",,"-690,214,000",,"-7,984,000",,,,"-320,024,000","1,798,797,000","2,489,011,000","2,481,858,000","-12,084,000",1,,"-382,274,000","-378,206,000",RE
,,197421000,,205613000,7890000,220012000,212122000,1538265600,212122000,,-7901000,,,,-8192000,1951213000,1739091000,1731201000,-14701000,1,,205613000,203537000,RE
,,197.42M,,205.61M,7.89M,220.01M,212.12M,2018-09-30,212.12M,,-7.9M,,,,-8.19M,1.95B,1.74B,1.73B,-14.7M,1,,205.61M,203.54M,RE
,,"197,421,000",,"205,613,000","7,890,000","220,012,000","212,122,000",,"212,122,000",,"-7,901,000",,,,"-8,192,000","1,951,213,000","1,739,091,000","1,731,201,000","-14,701,000",1,,"205,613,000","203,537,000",RE
,,228760000,,186566000,,329236000,250192000,1561852800,250192000,67788000,-21432000,,,,42151000,1130461000,880269000,801225000,-21432000,1,-43000,186609000,186566000,GL
,,228.76M,,186.57M,,329.24M,250.19M,2019-06-30,250.19M,67.79M,-21.43M,,,,42.15M,1.13B,880.27M,801.23M,-21.43M,1,-43k,186.61M,186.57M,GL
,,"228,760,000",,"186,566,000",,"329,236,000","250,192,000",,"250,192,000","67,788,000","-21,432,000",,,,"42,151,000","1,130,461,000","880,269,000","801,225,000","-21,432,000",1,"-43,000","186,609,000","186,566,000",GL
,,228101000,,185345000,,322172000,249379000,1553990400,249379000,62234000,-21278000,,,,42707000,1119216000,869837000,797044000,-21278000,1,-49000,185394000,185345000,GL
,,228.1M,,185.34M,,322.17M,249.38M,2019-03-31,249.38M,62.23M,-21.28M,,,,42.71M,1.12B,869.84M,797.04M,-21.28M,1,-49k,185.39M,185.34M,GL
,,"228,101,000",,"185,345,000",,"322,172,000","249,379,000",,"249,379,000","62,234,000","-21,278,000",,,,"42,707,000","1,119,216,000","869,837,000","797,044,000","-21,278,000",1,"-49,000","185,394,000","185,345,000",GL
,,203635000,,164717000,57381000,297327000,227245000,1546214400,227245000,2878000,-23610000,,,,38929000,1064737000,837492000,767410000,-22610000,1,11000,164706000,164717000,GL
,,203.63M,,164.72M,57.38M,297.33M,227.25M,2018-12-31,227.25M,2.88M,-23.61M,,,,38.93M,1.06B,837.49M,767.41M,-22.61M,1,11k,164.71M,164.72M,GL
,,"203,635,000",,"164,717,000","57,381,000","297,327,000","227,245,000",,"227,245,000","2,878,000","-23,610,000",,,,"38,929,000","1,064,737,000","837,492,000","767,410,000","-22,610,000",1,"11,000","164,706,000","164,717,000",GL
,,220330000,,178724000,57381000,316822000,242763000,1538265600,242763000,63647000,-22433000,,,,41630000,1083802000,841039000,766980000,-22433000,1,24000,178700000,178724000,GL
,,220.33M,,178.72M,57.38M,316.82M,242.76M,2018-09-30,242.76M,63.65M,-22.43M,,,,41.63M,1.08B,841.04M,766.98M,-22.43M,1,24k,178.7M,178.72M,GL
,,"220,330,000",,"178,724,000","57,381,000","316,822,000","242,763,000",,"242,763,000","63,647,000","-22,433,000",,,,"41,630,000","1,083,802,000","841,039,000","766,980,000","-22,433,000",1,"24,000","178,700,000","178,724,000",GL
,,456000000,,372000000,1141000000,1766000000,519000000,1561852800,519000000,91000000,-63000000,,,,84000000,5092000000,4573000000,3326000000,-63000000,1,,372000000,372000000,HIG
,,456M,,372M,1.14B,1.77B,519M,2019-06-30,519M,91M,-63M,,,,84M,5.09B,4.57B,3.33B,-63M,1,,372M,372M,HIG
,,"456,000,000",,"372,000,000","1,141,000,000","1,766,000,000","519,000,000",,"519,000,000","91,000,000","-63,000,000",,,,"84,000,000","5,092,000,000","4,573,000,000","3,326,000,000","-63,000,000",1,,"372,000,000","372,000,000",HIG
,,775000000,,630000000,1038000000,1900000000,849000000,1553990400,849000000,91000000,-64000000,,,,145000000,4940000000,4091000000,3040000000,-74000000,1,,630000000,625000000,HIG
,,775M,,630M,1.04B,1.9B,849M,2019-03-31,849M,91M,-64M,,,,145M,4.94B,4.09B,3.04B,-74M,1,,630M,625M,HIG
,,"775,000,000",,"630,000,000","1,038,000,000","1,900,000,000","849,000,000",,"849,000,000","91,000,000","-64,000,000",,,,"145,000,000","4,940,000,000","4,091,000,000","3,040,000,000","-74,000,000",1,,"630,000,000","625,000,000",HIG
,,167000000,,196000000,1074000000,1331000000,243000000,1546214400,243000000,91000000,-64000000,,,,-29000000,4627000000,4384000000,3296000000,-76000000,1,,196000000,190000000,HIG
,,167M,,196M,1.07B,1.33B,243M,2018-12-31,243M,91M,-64M,,,,-29M,4.63B,4.38B,3.3B,-76M,1,,196M,190M,HIG
,,"167,000,000",,"196,000,000","1,074,000,000","1,331,000,000","243,000,000",,"243,000,000","91,000,000","-64,000,000",,,,"-29,000,000","4,627,000,000","4,384,000,000","3,296,000,000","-76,000,000",1,,"196,000,000","190,000,000",HIG
,,530000000,,432000000,1079000000,1701000000,604000000,1538265600,604000000,91000000,-62000000,,,,103000000,4835000000,4231000000,3134000000,-74000000,1,5000000,427000000,432000000,HIG
,,530M,,432M,1.08B,1.7B,604M,2018-09-30,604M,91M,-62M,,,,103M,4.83B,4.23B,3.13B,-74M,1,5M,427M,432M,HIG
,,"530,000,000",,"432,000,000","1,079,000,000","1,701,000,000","604,000,000",,"604,000,000","91,000,000","-62,000,000",,,,"103,000,000","4,835,000,000","4,231,000,000","3,134,000,000","-74,000,000",1,"5,000,000","427,000,000","432,000,000",HIG
,,550000000,272000000,332000000,,1882000000,834000000,1561852800,834000000,1048000000,-141000000,,,,206000000,4349000000,3515000000,2467000000,-284000000,1,,344000000,332000000,MMC
,,550M,272M,332M,,1.88B,834M,2019-06-30,834M,1.05B,-141M,,,,206M,4.35B,3.52B,2.47B,-284M,1,,344M,332M,MMC
,,"550,000,000","272,000,000","332,000,000",,"1,882,000,000","834,000,000",,"834,000,000","1,048,000,000","-141,000,000",,,,"206,000,000","4,349,000,000","3,515,000,000","2,467,000,000","-284,000,000",1,,"344,000,000","332,000,000",MMC
,,944000000,77000000,716000000,,1873000000,1022000000,1553990400,1022000000,851000000,-120000000,,,,217000000,4071000000,3049000000,2198000000,-78000000,1,,727000000,716000000,MMC
,,944M,77M,716M,,1.87B,1.02B,2019-03-31,1.02B,851M,-120M,,,,217M,4.07B,3.05B,2.2B,-78M,1,,727M,716M,MMC
,,"944,000,000","77,000,000","716,000,000",,"1,873,000,000","1,022,000,000",,"1,022,000,000","851,000,000","-120,000,000",,,,"217,000,000","4,071,000,000","3,049,000,000","2,198,000,000","-78,000,000",1,,"727,000,000","716,000,000",MMC
,,224000000,73000000,153000000,,1570000000,642000000,1546214400,642000000,928000000,-92000000,,,,65000000,3712000000,3070000000,2142000000,-418000000,1,,159000000,153000000,MMC
,,224M,73M,153M,,1.57B,642M,2018-12-31,642M,928M,-92M,,,,65M,3.71B,3.07B,2.14B,-418M,1,,159M,153M,MMC
,,"224,000,000","73,000,000","153,000,000",,"1,570,000,000","642,000,000",,"642,000,000","928,000,000","-92,000,000",,,,"65,000,000","3,712,000,000","3,070,000,000","2,142,000,000","-418,000,000",1,,"159,000,000","153,000,000",MMC
,,385000000,85000000,276000000,,1484000000,604000000,1538265600,604000000,880000000,-69000000,,,,106000000,3504000000,2900000000,2020000000,-219000000,1,,279000000,276000000,MMC
,,385M,85M,276M,,1.48B,604M,2018-09-30,604M,880M,-69M,,,,106M,3.5B,2.9B,2.02B,-219M,1,,279M,276M,MMC
,,"385,000,000","85,000,000","276,000,000",,"1,484,000,000","604,000,000",,"604,000,000","880,000,000","-69,000,000",,,,"106,000,000","3,504,000,000","2,900,000,000","2,020,000,000","-219,000,000",1,,"279,000,000","276,000,000",MMC
,,2297000000,235000000,1741000000,,5687000000,2584000000,1561852800,2584000000,3103000000,-274000000,,,,551000000,17497000000,14913000000,11810000000,-287000000,1,,1746000000,1684000000,MET
,,2.3B,235M,1.74B,,5.69B,2.58B,2019-06-30,2.58B,3.1B,-274M,,,,551M,17.5B,14.91B,11.81B,-287M,1,,1.75B,1.68B,MET
,,"2,297,000,000","235,000,000","1,741,000,000",,"5,687,000,000","2,584,000,000",,"2,584,000,000","3,103,000,000","-274,000,000",,,,"551,000,000","17,497,000,000","14,913,000,000","11,810,000,000","-287,000,000",1,,"1,746,000,000","1,684,000,000",MET
,,1744000000,229000000,1381000000,,4969000000,1985000000,1553990400,1985000000,2984000000,-234000000,,,,359000000,16302000000,14317000000,11333000000,-241000000,1,,1385000000,1349000000,MET
,,1.74B,229M,1.38B,,4.97B,1.99B,2019-03-31,1.99B,2.98B,-234M,,,,359M,16.3B,14.32B,11.33B,-241M,1,,1.39B,1.35B,MET
,,"1,744,000,000","229,000,000","1,381,000,000",,"4,969,000,000","1,985,000,000",,"1,985,000,000","2,984,000,000","-234,000,000",,,,"359,000,000","16,302,000,000","14,317,000,000","11,333,000,000","-241,000,000",1,,"1,385,000,000","1,349,000,000",MET
,,2471000000,217000000,2067000000,-145000000,5871000000,2763000000,1546214400,2763000000,3253000000,-265000000,,,,409000000,15667000000,12904000000,9796000000,-292000000,1,,2062000000,2010000000,MET
,,2.47B,217M,2.07B,-145M,5.87B,2.76B,2018-12-31,2.76B,3.25B,-265M,,,,409M,15.67B,12.9B,9.8B,-292M,1,,2.06B,2.01B,MET
,,"2,471,000,000","217,000,000","2,067,000,000","-145,000,000","5,871,000,000","2,763,000,000",,"2,763,000,000","3,253,000,000","-265,000,000",,,,"409,000,000","15,667,000,000","12,904,000,000","9,796,000,000","-292,000,000",1,,"2,062,000,000","2,010,000,000",MET
,,1079000000,184000000,912000000,47000000,4543000000,1358000000,1538265600,1358000000,3138000000,-262000000,,,,164000000,16284000000,14926000000,11741000000,-279000000,1,,915000000,880000000,MET
,,1.08B,184M,912M,47M,4.54B,1.36B,2018-09-30,1.36B,3.14B,-262M,,,,164M,16.28B,14.93B,11.74B,-279M,1,,915M,880M,MET
,,"1,079,000,000","184,000,000","912,000,000","47,000,000","4,543,000,000","1,358,000,000",,"1,358,000,000","3,138,000,000","-262,000,000",,,,"164,000,000","16,284,000,000","14,926,000,000","11,741,000,000","-279,000,000",1,,"915,000,000","880,000,000",MET
,,450300000,371800000,386300000,1046300000,1496600000,450300000,1561852800,450300000,,,,,,58200000,3972600000,3522300000,2476000000,0,1,,392100000,386300000,PFG
,,450.3M,371.8M,386.3M,1.05B,1.5B,450.3M,2019-06-30,450.3M,,,,,,58.2M,3.97B,3.52B,2.48B,,1,,392.1M,386.3M,PFG
,,"450,300,000","371,800,000","386,300,000","1,046,300,000","1,496,600,000","450,300,000",,"450,300,000",,,,,,"58,200,000","3,972,600,000","3,522,300,000","2,476,000,000",0,1,,"392,100,000","386,300,000",PFG
,,526000000,605500000,429900000,992700000,1518700000,526000000,1553990400,526000000,,,,,,73900000,3743900000,3217900000,2225200000,0,1,,452100000,429900000,PFG
,,526M,605.5M,429.9M,992.7M,1.52B,526M,2019-03-31,526M,,,,,,73.9M,3.74B,3.22B,2.23B,,1,,452.1M,429.9M,PFG
,,"526,000,000","605,500,000","429,900,000","992,700,000","1,518,700,000","526,000,000",,"526,000,000",,,,,,"73,900,000","3,743,900,000","3,217,900,000","2,225,200,000",0,1,,"452,100,000","429,900,000",PFG
,,242900000,457200000,236500000,1175200000,1299500000,124300000,1546214400,124300000,,,,,,11200000,3770600000,3646300000,2471100000,118600000,1,,231700000,236500000,PFG
,,242.9M,457.2M,236.5M,1.18B,1.3B,124.3M,2018-12-31,124.3M,,,,,,11.2M,3.77B,3.65B,2.47B,118.6M,1,,231.7M,236.5M,PFG
,,"242,900,000","457,200,000","236,500,000","1,175,200,000","1,299,500,000","124,300,000",,"124,300,000",,,,,,"11,200,000","3,770,600,000","3,646,300,000","2,471,100,000","118,600,000",1,,"231,700,000","236,500,000",PFG
,,569100000,216400000,456300000,1105000000,1674100000,569100000,1538265600,569100000,,,,,,109100000,4348100000,3779000000,2674000000,0,1,,460000000,456300000,PFG
,,569.1M,216.4M,456.3M,1.1B,1.67B,569.1M,2018-09-30,569.1M,,,,,,109.1M,4.35B,3.78B,2.67B,,1,,460M,456.3M,PFG
,,"569,100,000","216,400,000","456,300,000","1,105,000,000","1,674,100,000","569,100,000",,"569,100,000",,,,,,"109,100,000","4,348,100,000","3,779,000,000","2,674,000,000",0,1,,"460,000,000","456,300,000",PFG
,,1243600000,220100000,979400000,,1336300000,1291000000,1561852800,1291000000,45300000,-47400000,,,,264600000,9444500000,8153500000,8108200000,-47400000,1,,979000000,972700000,PGR
,,1.24B,220.1M,979.4M,,1.34B,1.29B,2019-06-30,1.29B,45.3M,-47.4M,,,,264.6M,9.44B,8.15B,8.11B,-47.4M,1,,979M,972.7M,PGR
,,"1,243,600,000","220,100,000","979,400,000",,"1,336,300,000","1,291,000,000",,"1,291,000,000","45,300,000","-47,400,000",,,,"264,600,000","9,444,500,000","8,153,500,000","8,108,200,000","-47,400,000",1,,"979,000,000","972,700,000",PGR
,,1567500000,221200000,1078400000,,1653000000,1614900000,1553990400,1614900000,38100000,-47400000,,,,484700000,9293800000,7678900000,7640800000,-47400000,1,,1082800000,1071700000,PGR
,,1.57B,221.2M,1.08B,,1.65B,1.61B,2019-03-31,1.61B,38.1M,-47.4M,,,,484.7M,9.29B,7.68B,7.64B,-47.4M,1,,1.08B,1.07B,PGR
,,"1,567,500,000","221,200,000","1,078,400,000",,"1,653,000,000","1,614,900,000",,"1,614,900,000","38,100,000","-47,400,000",,,,"484,700,000","9,293,800,000","7,678,900,000","7,640,800,000","-47,400,000",1,,"1,082,800,000","1,071,700,000",PGR
,,242200000,214500000,264700000,,320200000,288200000,1546214400,288200000,32000000,-46000000,,,,-17600000,8028800000,7740600000,7708600000,-46000000,1,,259800000,257900000,PGR
,,242.2M,214.5M,264.7M,,320.2M,288.2M,2018-12-31,288.2M,32M,-46M,,,,-17.6M,8.03B,7.74B,7.71B,-46M,1,,259.8M,257.9M,PGR
,,"242,200,000","214,500,000","264,700,000",,"320,200,000","288,200,000",,"288,200,000","32,000,000","-46,000,000",,,,"-17,600,000","8,028,800,000","7,740,600,000","7,708,600,000","-46,000,000",1,,"259,800,000","257,900,000",PGR
,,1130500000,217400000,928400000,,1208300000,1172500000,1538265600,1172500000,35800000,-42000000,,,,200300000,8490000000,7317500000,7281700000,-42000000,1,,930200000,921700000,PGR
,,1.13B,217.4M,928.4M,,1.21B,1.17B,2018-09-30,1.17B,35.8M,-42M,,,,200.3M,8.49B,7.32B,7.28B,-42M,1,,930.2M,921.7M,PGR
,,"1,130,500,000","217,400,000","928,400,000",,"1,208,300,000","1,172,500,000",,"1,172,500,000","35,800,000","-42,000,000",,,,"200,300,000","8,490,000,000","7,317,500,000","7,281,700,000","-42,000,000",1,,"930,200,000","921,700,000",PGR
,,900000000,493000000,708000000,3137000000,4014000000,877000000,1561852800,877000000,,-392000000,,,,162000000,15388000000,14511000000,11374000000,-369000000,1,,738000000,700000000,PRU
,,900M,493M,708M,3.14B,4.01B,877M,2019-06-30,877M,,-392M,,,,162M,15.39B,14.51B,11.37B,-369M,1,,738M,700M,PRU
,,"900,000,000","493,000,000","708,000,000","3,137,000,000","4,014,000,000","877,000,000",,"877,000,000",,"-392,000,000",,,,"162,000,000","15,388,000,000","14,511,000,000","11,374,000,000","-369,000,000",1,,"738,000,000","700,000,000",PRU
,,1169000000,440000000,932000000,3156000000,4296000000,1140000000,1553990400,1140000000,,-386000000,,,,232000000,15091000000,13951000000,10795000000,-202000000,1,,937000000,922000000,PRU
,,1.17B,440M,932M,3.16B,4.3B,1.14B,2019-03-31,1.14B,,-386M,,,,232M,15.09B,13.95B,10.79B,-202M,1,,937M,922M,PRU
,,"1,169,000,000","440,000,000","932,000,000","3,156,000,000","4,296,000,000","1,140,000,000",,"1,140,000,000",,"-386,000,000",,,,"232,000,000","15,091,000,000","13,951,000,000","10,795,000,000","-202,000,000",1,,"937,000,000","922,000,000",PRU
,,1067000000,414000000,842000000,1820000000,4585000000,2765000000,1546214400,2765000000,,-1423000000,,,,218000000,18744000000,15979000000,14159000000,-1698000000,1,,849000000,831000000,PRU
,,1.07B,414M,842M,1.82B,4.58B,2.77B,2018-12-31,2.77B,,-1.42B,,,,218M,18.74B,15.98B,14.16B,-1.7B,1,,849M,831M,PRU
,,"1,067,000,000","414,000,000","842,000,000","1,820,000,000","4,585,000,000","2,765,000,000",,"2,765,000,000",,"-1,423,000,000",,,,"218,000,000","18,744,000,000","15,979,000,000","14,159,000,000","-1,698,000,000",1,,"849,000,000","831,000,000",PRU
,,1859000000,357000000,1672000000,2960000000,4798000000,1838000000,1538265600,1838000000,,-1423000000,,,,184000000,16148000000,14310000000,11350000000,21000000,1,,1675000000,1653000000,PRU
,,1.86B,357M,1.67B,2.96B,4.8B,1.84B,2018-09-30,1.84B,,-1.42B,,,,184M,16.15B,14.31B,11.35B,21M,1,,1.68B,1.65B,PRU
,,"1,859,000,000","357,000,000","1,672,000,000","2,960,000,000","4,798,000,000","1,838,000,000",,"1,838,000,000",,"-1,423,000,000",,,,"184,000,000","16,148,000,000","14,310,000,000","11,350,000,000","21,000,000",1,,"1,675,000,000","1,653,000,000",PRU
,,665000000,,557000000,1125000000,1879000000,754000000,1561852800,754000000,,-89000000,,,,108000000,7834000000,7080000000,5955000000,-89000000,1,,557000000,553000000,TRV
,,665M,,557M,1.12B,1.88B,754M,2019-06-30,754M,,-89M,,,,108M,7.83B,7.08B,5.96B,-89M,1,,557M,553M,TRV
,,"665,000,000",,"557,000,000","1,125,000,000","1,879,000,000","754,000,000",,"754,000,000",,"-89,000,000",,,,"108,000,000","7,834,000,000","7,080,000,000","5,955,000,000","-89,000,000",1,,"557,000,000","553,000,000",TRV
,,967000000,,796000000,1057000000,2112000000,1055000000,1553990400,1055000000,,-88000000,,,,171000000,7671000000,6616000000,5559000000,-88000000,1,,796000000,791000000,TRV
,,967M,,796M,1.06B,2.11B,1.05B,2019-03-31,1.05B,,-88M,,,,171M,7.67B,6.62B,5.56B,-88M,1,,796M,791M,TRV
,,"967,000,000",,"796,000,000","1,057,000,000","2,112,000,000","1,055,000,000",,"1,055,000,000",,"-88,000,000",,,,"171,000,000","7,671,000,000","6,616,000,000","5,559,000,000","-88,000,000",1,,"796,000,000","791,000,000",TRV
,,746000000,,621000000,1063000000,1896000000,833000000,1546214400,833000000,,-87000000,,,,125000000,7796000000,6963000000,5900000000,-87000000,1,,621000000,616000000,TRV
,,746M,,621M,1.06B,1.9B,833M,2018-12-31,833M,,-87M,,,,125M,7.8B,6.96B,5.9B,-87M,1,,621M,616M,TRV
,,"746,000,000",,"621,000,000","1,063,000,000","1,896,000,000","833,000,000",,"833,000,000",,"-87,000,000",,,,"125,000,000","7,796,000,000","6,963,000,000","5,900,000,000","-87,000,000",1,,"621,000,000","616,000,000",TRV
,,806000000,,709000000,1059000000,1951000000,892000000,1538265600,892000000,,-86000000,,,,97000000,7723000000,6831000000,5772000000,-86000000,1,,709000000,704000000,TRV
,,806M,,709M,1.06B,1.95B,892M,2018-09-30,892M,,-86M,,,,97M,7.72B,6.83B,5.77B,-86M,1,,709M,704M,TRV
,,"806,000,000",,"709,000,000","1,059,000,000","1,951,000,000","892,000,000",,"892,000,000",,"-86,000,000",,,,"97,000,000","7,723,000,000","6,831,000,000","5,772,000,000","-86,000,000",1,,"709,000,000","704,000,000",TRV
,,352000000,,281200000,223900000,848400000,394600000,1561852800,394600000,229900000,-42600000,,,,70800000,3016700000,2622100000,2168300000,-42600000,1,,281200000,281200000,UNM
,,352M,,281.2M,223.9M,848.4M,394.6M,2019-06-30,394.6M,229.9M,-42.6M,,,,70.8M,3.02B,2.62B,2.17B,-42.6M,1,,281.2M,281.2M,UNM
,,"352,000,000",,"281,200,000","223,900,000","848,400,000","394,600,000",,"394,600,000","229,900,000","-42,600,000",,,,"70,800,000","3,016,700,000","2,622,100,000","2,168,300,000","-42,600,000",1,,"281,200,000","281,200,000",UNM
,,353300000,,280900000,226500000,859800000,395400000,1553990400,395400000,237900000,-42100000,,,,72400000,2987600000,2592200000,2127800000,-42100000,1,,280900000,280900000,UNM
,,353.3M,,280.9M,226.5M,859.8M,395.4M,2019-03-31,395.4M,237.9M,-42.1M,,,,72.4M,2.99B,2.59B,2.13B,-42.1M,1,,280.9M,280.9M,UNM
,,"353,300,000",,"280,900,000","226,500,000","859,800,000","395,400,000",,"395,400,000","237,900,000","-42,100,000",,,,"72,400,000","2,987,600,000","2,592,200,000","2,127,800,000","-42,100,000",1,,"280,900,000","280,900,000",UNM
,,309700000,,249100000,219800000,804800000,351700000,1546214400,351700000,233300000,-42000000,,,,60600000,2880800000,2529100000,2076000000,-42000000,1,,249100000,249100000,UNM
,,309.7M,,249.1M,219.8M,804.8M,351.7M,2018-12-31,351.7M,233.3M,-42M,,,,60.6M,2.88B,2.53B,2.08B,-42M,1,,249.1M,249.1M,UNM
,,"309,700,000",,"249,100,000","219,800,000","804,800,000","351,700,000",,"351,700,000","233,300,000","-42,000,000",,,,"60,600,000","2,880,800,000","2,529,100,000","2,076,000,000","-42,000,000",1,,"249,100,000","249,100,000",UNM
,,-377800000,,-284700000,224200000,102000000,-335100000,1538265600,-335100000,212900000,-42700000,,,,-93100000,2927800000,3262900000,2825800000,-42700000,1,,-284700000,-284700000,UNM
,,-377.8M,,-284.7M,224.2M,102M,-335.1M,2018-09-30,-335.1M,212.9M,-42.7M,,,,-93.1M,2.93B,3.26B,2.83B,-42.7M,1,,-284.7M,-284.7M,UNM
,,"-377,800,000",,"-284,700,000","224,200,000","102,000,000","-335,100,000",,"-335,100,000","212,900,000","-42,700,000",,,,"-93,100,000","2,927,800,000","3,262,900,000","2,825,800,000","-42,700,000",1,,"-284,700,000","-284,700,000",UNM
,,187000000,142000000,138000000,63000000,830000000,236000000,1561852800,236000000,349000000,-56000000,,,,38000000,2048000000,1812000000,1218000000,-49000000,1,,149000000,138000000,WLTW
,,187M,142M,138M,63M,830M,236M,2019-06-30,236M,349M,-56M,,,,38M,2.05B,1.81B,1.22B,-49M,1,,149M,138M,WLTW
,,"187,000,000","142,000,000","138,000,000","63,000,000","830,000,000","236,000,000",,"236,000,000","349,000,000","-56,000,000",,,,"38,000,000","2,048,000,000","1,812,000,000","1,218,000,000","-49,000,000",1,,"149,000,000","138,000,000",WLTW
,,360000000,150000000,287000000,61000000,1023000000,424000000,1553990400,424000000,357000000,-54000000,,,,67000000,2312000000,1888000000,1289000000,-64000000,1,,293000000,287000000,WLTW
,,360M,150M,287M,61M,1.02B,424M,2019-03-31,424M,357M,-54M,,,,67M,2.31B,1.89B,1.29B,-64M,1,,293M,287M,WLTW
,,"360,000,000","150,000,000","287,000,000","61,000,000","1,023,000,000","424,000,000",,"424,000,000","357,000,000","-54,000,000",,,,"67,000,000","2,312,000,000","1,888,000,000","1,289,000,000","-64,000,000",1,,"293,000,000","287,000,000",WLTW
,,477000000,145000000,378000000,295000000,1202000000,587000000,1546214400,587000000,139000000,-54000000,,,,94000000,2372000000,1785000000,1170000000,-110000000,1,,383000000,378000000,WLTW
,,477M,145M,378M,295M,1.2B,587M,2018-12-31,587M,139M,-54M,,,,94M,2.37B,1.78B,1.17B,-110M,1,,383M,378M,WLTW
,,"477,000,000","145,000,000","378,000,000","295,000,000","1,202,000,000","587,000,000",,"587,000,000","139,000,000","-54,000,000",,,,"94,000,000","2,372,000,000","1,785,000,000","1,170,000,000","-110,000,000",1,,"383,000,000","378,000,000",WLTW
,,36000000,141000000,44000000,295000000,698000000,144000000,1538265600,144000000,374000000,-51000000,,,,-10000000,1859000000,1715000000,1161000000,-108000000,1,,46000000,44000000,WLTW
,,36M,141M,44M,295M,698M,144M,2018-09-30,144M,374M,-51M,,,,-10M,1.86B,1.72B,1.16B,-108M,1,,46M,44M,WLTW
,,"36,000,000","141,000,000","44,000,000","295,000,000","698,000,000","144,000,000",,"144,000,000","374,000,000","-51,000,000",,,,"-10,000,000","1,859,000,000","1,715,000,000","1,161,000,000","-108,000,000",1,,"46,000,000","44,000,000",WLTW
,,421000000,,363000000,,506000000,506000000,1561852800,506000000,,-70000000,,,,58000000,4310000000,3804000000,3804000000,-85000000,1,,363000000,363000000,LNC
,,421M,,363M,,506M,506M,2019-06-30,506M,,-70M,,,,58M,4.31B,3.8B,3.8B,-85M,1,,363M,363M,LNC
,,"421,000,000",,"363,000,000",,"506,000,000","506,000,000",,"506,000,000",,"-70,000,000",,,,"58,000,000","4,310,000,000","3,804,000,000","3,804,000,000","-85,000,000",1,,"363,000,000","363,000,000",LNC
,,268000000,,252000000,,354000000,354000000,1553990400,354000000,,-71000000,,,,16000000,3965000000,3611000000,3611000000,-86000000,1,,252000000,252000000,LNC
,,268M,,252M,,354M,354M,2019-03-31,354M,,-71M,,,,16M,3.96B,3.61B,3.61B,-86M,1,,252M,252M,LNC
,,"268,000,000",,"252,000,000",,"354,000,000","354,000,000",,"354,000,000",,"-71,000,000",,,,"16,000,000","3,965,000,000","3,611,000,000","3,611,000,000","-86,000,000",1,,"252,000,000","252,000,000",LNC
,,467000000,,399000000,2418000000,3412000000,588000000,1546214400,588000000,397000000,-69000000,,,,68000000,4531000000,3943000000,1119000000,-121000000,1,,399000000,399000000,LNC
,,467M,,399M,2.42B,3.41B,588M,2018-12-31,588M,397M,-69M,,,,68M,4.53B,3.94B,1.12B,-121M,1,,399M,399M,LNC
,,"467,000,000",,"399,000,000","2,418,000,000","3,412,000,000","588,000,000",,"588,000,000","397,000,000","-69,000,000",,,,"68,000,000","4,531,000,000","3,943,000,000","1,119,000,000","-121,000,000",1,,"399,000,000","399,000,000",LNC
,,532000000,,490000000,2418000000,629000000,629000000,1538265600,629000000,397000000,-69000000,,,,42000000,4264000000,3635000000,3635000000,-97000000,1,,490000000,490000000,LNC
,,532M,,490M,2.42B,629M,629M,2018-09-30,629M,397M,-69M,,,,42M,4.26B,3.63B,3.63B,-97M,1,,490M,490M,LNC
,,"532,000,000",,"490,000,000","2,418,000,000","629,000,000","629,000,000",,"629,000,000","397,000,000","-69,000,000",,,,"42,000,000","4,264,000,000","3,635,000,000","3,635,000,000","-97,000,000",1,,"490,000,000","490,000,000",LNC
,,275000000,2880000000,249000000,1224000000,1670000000,446000000,1561852800,446000000,,-164000000,,,,50000000,3623000000,3177000000,1953000000,-171000000,1,,225000000,249000000,L
,,275M,2.88B,249M,1.22B,1.67B,446M,2019-06-30,446M,,-164M,,,,50M,3.62B,3.18B,1.95B,-171M,1,,225M,249M,L
,,"275,000,000","2,880,000,000","249,000,000","1,224,000,000","1,670,000,000","446,000,000",,"446,000,000",,"-164,000,000",,,,"50,000,000","3,623,000,000","3,177,000,000","1,953,000,000","-171,000,000",1,,"225,000,000","249,000,000",L
,,508000000,2865000000,394000000,1146000000,1798000000,652000000,1553990400,652000000,,-141000000,,,,112000000,3757000000,3105000000,1959000000,-144000000,1,,396000000,394000000,L
,,508M,2.87B,394M,1.15B,1.8B,652M,2019-03-31,652M,,-141M,,,,112M,3.76B,3.1B,1.96B,-144M,1,,396M,394M,L
,,"508,000,000","2,865,000,000","394,000,000","1,146,000,000","1,798,000,000","652,000,000",,"652,000,000",,"-141,000,000",,,,"112,000,000","3,757,000,000","3,105,000,000","1,959,000,000","-144,000,000",1,,"396,000,000","394,000,000",L
,,-232000000,2868000000,-165000000,515000000,427000000,-88000000,1546214400,-88000000,,-144000000,,,,-21000000,3287000000,3375000000,2860000000,-144000000,1,,-211000000,-165000000,L
,,-232M,2.87B,-165M,515M,427M,-88M,2018-12-31,-88M,,-144M,,,,-21M,3.29B,3.38B,2.86B,-144M,1,,-211M,-165M,L
,,"-232,000,000","2,868,000,000","-165,000,000","515,000,000","427,000,000","-88,000,000",,"-88,000,000",,"-144,000,000",,,,"-21,000,000","3,287,000,000","3,375,000,000","2,860,000,000","-144,000,000",1,,"-211,000,000","-165,000,000",L
,,354000000,2934000000,278000000,1441000000,1959000000,518000000,1538265600,518000000,,-146000000,,,,65000000,3608000000,3090000000,1649000000,-164000000,1,,289000000,278000000,L
,,354M,2.93B,278M,1.44B,1.96B,518M,2018-09-30,518M,,-146M,,,,65M,3.61B,3.09B,1.65B,-164M,1,,289M,278M,L
,,"354,000,000","2,934,000,000","278,000,000","1,441,000,000","1,959,000,000","518,000,000",,"518,000,000",,"-146,000,000",,,,"65,000,000","3,608,000,000","3,090,000,000","1,649,000,000","-164,000,000",1,,"289,000,000","278,000,000",L
