investments,changeToLiabilities,totalCashflowsFromInvestingActivities,netBorrowings,totalCashFromFinancingActivities,changeToOperatingActivities,issuanceOfStock,netIncome,changeInCash,endDate,repurchaseOfStock,effectOfExchangeRate,totalCashFromOperatingActivities,otherCashflowsFromInvestingActivities,dividendsPaid,changeToAccountReceivables,otherCashflowsFromFinancingActivities,maxAge,changeToNetincome,symbol,depreciation,capitalExpenditures
-614000000,0,-1436000000,268000000,-292000000,551000000,14000000,817000000,-873000000,1561852800,-357000000,42000000,813000000,-352000000,-194000000,-52000000,-23000000,1,-228000000,AFL,,
-614M,,-1.44B,268M,-292M,551M,14M,817M,-873M,2019-06-30,-357M,42M,813M,-352M,-194M,-52M,-23M,1,-228M,AFL,,
"-614,000,000",0,"-1,436,000,000","268,000,000","-292,000,000","551,000,000","14,000,000","817,000,000","-873,000,000",,"-357,000,000","42,000,000","813,000,000","-352,000,000","-194,000,000","-52,000,000","-23,000,000",1,"-228,000,000",AFL,,
-2073000000,0,-1291000000,268000000,-686000000,468000000,12000000,928000000,-445000000,1553990400,-490000000,-12000000,1544000000,958000000,-195000000,35000000,-13000000,1,-543000000,AFL,,
-2.07B,,-1.29B,268M,-686M,468M,12M,928M,-445M,2019-03-31,-490M,-12M,1.54B,958M,-195M,35M,-13M,1,-543M,AFL,,
"-2,073,000,000",0,"-1,291,000,000","268,000,000","-686,000,000","468,000,000","12,000,000","928,000,000","-445,000,000",,"-490,000,000","-12,000,000","1,544,000,000","958,000,000","-195,000,000","35,000,000","-13,000,000",1,"-543,000,000",AFL,,
1126000000,0,-410000000,470000000,-103000000,522000000,22000000,525000000,908000000,1546214400,-378000000,66000000,1355000000,-1177000000,-198000000,-28000000,-19000000,1,-52000000,AFL,49000000,
1.13B,,-410M,470M,-103M,522M,22M,525M,908M,2018-12-31,-378M,66M,1.35B,-1.18B,-198M,-28M,-19M,1,-52M,AFL,49M,
"1,126,000,000",0,"-410,000,000","470,000,000","-103,000,000","522,000,000","22,000,000","525,000,000","908,000,000",,"-378,000,000","66,000,000","1,355,000,000","-1,177,000,000","-198,000,000","-28,000,000","-19,000,000",1,"-52,000,000",AFL,"49,000,000",
1164000000,0,-1729000000,470000000,-525000000,475000000,24000000,845000000,-418000000,1538265600,-322000000,-16000000,1852000000,-1687000000,-199000000,-26000000,-28000000,1,25000000,AFL,49000000,
1.16B,,-1.73B,470M,-525M,475M,24M,845M,-418M,2018-09-30,-322M,-16M,1.85B,-1.69B,-199M,-26M,-28M,1,25M,AFL,49M,
"1,164,000,000",0,"-1,729,000,000","470,000,000","-525,000,000","475,000,000","24,000,000","845,000,000","-418,000,000",,"-322,000,000","-16,000,000","1,852,000,000","-1,687,000,000","-199,000,000","-26,000,000","-28,000,000",1,"25,000,000",AFL,"49,000,000",
-779000000,415000000,-879000000,175000000,-421000000,226000000,44000000,851000000,48000000,1561852800,-332000000,,1348000000,,-196000000,-170000000,-112000000,1,10000000,ALL,160000000,-93000000
-779M,415M,-879M,175M,-421M,226M,44M,851M,48M,2019-06-30,-332M,,1.35B,,-196M,-170M,-112M,1,10M,ALL,160M,-93M
"-779,000,000","415,000,000","-879,000,000","175,000,000","-421,000,000","226,000,000","44,000,000","851,000,000","48,000,000",,"-332,000,000",,"1,348,000,000",,"-196,000,000","-170,000,000","-112,000,000",1,"10,000,000",ALL,"160,000,000","-93,000,000"
-155000000,-201000000,-263000000,175000000,-399000000,-312000000,44000000,1292000000,52000000,1553990400,-332000000,,714000000,,-189000000,-39000000,-210000000,1,-486000000,ALL,157000000,-80000000
-155M,-201M,-263M,175M,-399M,-312M,44M,1.29B,52M,2019-03-31,-332M,,714M,,-189M,-39M,-210M,1,-486M,ALL,157M,-80M
"-155,000,000","-201,000,000","-263,000,000","175,000,000","-399,000,000","-312,000,000","44,000,000","1,292,000,000","52,000,000",,"-332,000,000",,"714,000,000",,"-189,000,000","-39,000,000","-210,000,000",1,"-486,000,000",ALL,"157,000,000","-80,000,000"
1445000000,130000000,737000000,1000000,-2055000000,407000000,7000000,-269000000,39000000,1546214400,-1241000000,,1357000000,,-196000000,26000000,-241000000,1,1057000000,ALL,135000000,-82000000
1.45B,130M,737M,1M,-2.06B,407M,7M,-269M,39M,2018-12-31,-1.24B,,1.36B,,-196M,26M,-241M,1,1.06B,ALL,135M,-82M
"1,445,000,000","130,000,000","737,000,000","1,000,000","-2,055,000,000","407,000,000","7,000,000","-269,000,000","39,000,000",,"-1,241,000,000",,"1,357,000,000",,"-196,000,000","26,000,000","-241,000,000",1,"1,057,000,000",ALL,"135,000,000","-82,000,000"
-1022000000,574000000,-1145000000,1000000,-612000000,377000000,38000000,870000000,-29000000,1538265600,-224000000,,1728000000,,-199000000,-237000000,-227000000,1,-14000000,ALL,128000000,-67000000
-1.02B,574M,-1.15B,1M,-612M,377M,38M,870M,-29M,2018-09-30,-224M,,1.73B,,-199M,-237M,-227M,1,-14M,ALL,128M,-67M
"-1,022,000,000","574,000,000","-1,145,000,000","1,000,000","-612,000,000","377,000,000","38,000,000","870,000,000","-29,000,000",,"-224,000,000",,"1,728,000,000",,"-199,000,000","-237,000,000","-227,000,000",1,"-14,000,000",ALL,"128,000,000","-67,000,000"
-147000000,-125000000,-195000000,1154000000,-92000000,27000000,,277000000,-19000000,1561852800,-1055000000,-19000000,287000000,,-107000000,-19000000,-84000000,1,98000000,AON,137000000,-49000000
-147M,-125M,-195M,1.15B,-92M,27M,,277M,-19M,2019-06-30,-1.05B,-19M,287M,,-107M,-19M,-84M,1,98M,AON,137M,-49M
"-147,000,000","-125,000,000","-195,000,000","1,154,000,000","-92,000,000","27,000,000",,"277,000,000","-19,000,000",,"-1,055,000,000","-19,000,000","287,000,000",,"-107,000,000","-19,000,000","-84,000,000",1,"98,000,000",AON,"137,000,000","-49,000,000"
39000000,-454000000,-27000000,177000000,-140000000,-5000000,,659000000,-56000000,1553990400,-100000000,37000000,74000000,,-96000000,-458000000,-121000000,1,77000000,AON,137000000,-57000000
39M,-454M,-27M,177M,-140M,-5M,,659M,-56M,2019-03-31,-100M,37M,74M,,-96M,-458M,-121M,1,77M,AON,137M,-57M
"39,000,000","-454,000,000","-27,000,000","177,000,000","-140,000,000","-5,000,000",,"659,000,000","-56,000,000",,"-100,000,000","37,000,000","74,000,000",,"-96,000,000","-458,000,000","-121,000,000",1,"77,000,000",AON,"137,000,000","-57,000,000"
18000000,356000000,-53000000,-125000000,-444000000,-164000000,,345000000,172000000,1546214400,-198000000,-42000000,711000000,,-97000000,-116000000,-24000000,1,-46000000,AON,165000000,-61000000
18M,356M,-53M,-125M,-444M,-164M,,345M,172M,2018-12-31,-198M,-42M,711M,,-97M,-116M,-24M,1,-46M,AON,165M,-61M
"18,000,000","356,000,000","-53,000,000","-125,000,000","-444,000,000","-164,000,000",,"345,000,000","172,000,000",,"-198,000,000","-42,000,000","711,000,000",,"-97,000,000","-116,000,000","-24,000,000",1,"-46,000,000",AON,"165,000,000","-61,000,000"
-18000000,164000000,-95000000,-63000000,-457000000,-299000000,,147000000,-3000000,1538265600,-301000000,-13000000,562000000,,-98000000,360000000,5000000,1,42000000,AON,141000000,-68000000
-18M,164M,-95M,-63M,-457M,-299M,,147M,-3M,2018-09-30,-301M,-13M,562M,,-98M,360M,5M,1,42M,AON,141M,-68M
"-18,000,000","164,000,000","-95,000,000","-63,000,000","-457,000,000","-299,000,000",,"147,000,000","-3,000,000",,"-301,000,000","-13,000,000","562,000,000",,"-98,000,000","360,000,000","5,000,000",1,"42,000,000",AON,"141,000,000","-68,000,000"
-300000,-17400000,-591500000,195100000,112700000,133200000,32300000,110100000,5800000,1561852800,,-31200000,515800000,,-80100000,176600000,-34600000,1,28200000,AJG,115000000,-36000000
-300k,-17.4M,-591.5M,195.1M,112.7M,133.2M,32.3M,110.1M,5.8M,2019-06-30,,-31.2M,515.8M,,-80.1M,176.6M,-34.6M,1,28.2M,AJG,115M,-36M
"-300,000","-17,400,000","-591,500,000","195,100,000","112,700,000","133,200,000","32,300,000","110,100,000","5,800,000",,,"-31,200,000","515,800,000",,"-80,100,000","176,600,000","-34,600,000",1,"28,200,000",AJG,"115,000,000","-36,000,000"
-400000,-49200000,-141300000,574500000,507400000,786100000,32800000,334100000,304000000,1553990400,,34100000,-96200000,,-79600000,-1285600000,-20300000,1,-27600000,AJG,110500000,-39300000
-400k,-49.2M,-141.3M,574.5M,507.4M,786.1M,32.8M,334.1M,304M,2019-03-31,,34.1M,-96.2M,,-79.6M,-1.29B,-20.3M,1,-27.6M,AJG,110.5M,-39.3M
"-400,000","-49,200,000","-141,300,000","574,500,000","507,400,000","786,100,000","32,800,000","334,100,000","304,000,000",,,"34,100,000","-96,200,000",,"-79,600,000","-1,285,600,000","-20,300,000",1,"-27,600,000",AJG,"110,500,000","-39,300,000"
-15500000,-62200000,-256500000,98900000,5200000,124600000,12000000,117300000,-23700000,1546214400,,-32900000,260500000,,-75600000,-800000,-30100000,1,27400000,AJG,105900000,-33600000
-15.5M,-62.2M,-256.5M,98.9M,5.2M,124.6M,12M,117.3M,-23.7M,2018-12-31,,-32.9M,260.5M,,-75.6M,-800k,-30.1M,1,27.4M,AJG,105.9M,-33.6M
"-15,500,000","-62,200,000","-256,500,000","98,900,000","5,200,000","124,600,000","12,000,000","117,300,000","-23,700,000",,,"-32,900,000","260,500,000",,"-75,600,000","-800,000","-30,100,000",1,"27,400,000",AJG,"105,900,000","-33,600,000"
-400000,-21400000,-208100000,48500000,-44800000,-323200000,22200000,127600000,-84200000,1538265600,,-22600000,191300000,,-75300000,315000000,-40200000,1,-12800000,AJG,105100000,-28100000
-400k,-21.4M,-208.1M,48.5M,-44.8M,-323.2M,22.2M,127.6M,-84.2M,2018-09-30,,-22.6M,191.3M,,-75.3M,315M,-40.2M,1,-12.8M,AJG,105.1M,-28.1M
"-400,000","-21,400,000","-208,100,000","48,500,000","-44,800,000","-323,200,000","22,200,000","127,600,000","-84,200,000",,,"-22,600,000","191,300,000",,"-75,300,000","315,000,000","-40,200,000",1,"-12,800,000",AJG,"105,100,000","-28,100,000"
-1208000000,679000000,-1614000000,786000000,199000000,662000000,60000000,1150000000,-25000000,1561852800,-374000000,4000000,1386000000,-406000000,-335000000,-1121000000,62000000,1,189000000,CB,77000000,
-1.21B,679M,-1.61B,786M,199M,662M,60M,1.15B,-25M,2019-06-30,-374M,4M,1.39B,-406M,-335M,-1.12B,62M,1,189M,CB,77M,
"-1,208,000,000","679,000,000","-1,614,000,000","786,000,000","199,000,000","662,000,000","60,000,000","1,150,000,000","-25,000,000",,"-374,000,000","4,000,000","1,386,000,000","-406,000,000","-335,000,000","-1,121,000,000","62,000,000",1,"189,000,000",CB,"77,000,000",
-596000000,-228000000,-673000000,1000000,-630000000,-44000000,35000000,1040000000,53000000,1553990400,-367000000,34000000,1322000000,-77000000,-336000000,278000000,37000000,1,-66000000,CB,76000000,
-596M,-228M,-673M,1M,-630M,-44M,35M,1.04B,53M,2019-03-31,-367M,34M,1.32B,-77M,-336M,278M,37M,1,-66M,CB,76M,
"-596,000,000","-228,000,000","-673,000,000","1,000,000","-630,000,000","-44,000,000","35,000,000","1,040,000,000","53,000,000",,"-367,000,000","34,000,000","1,322,000,000","-77,000,000","-336,000,000","278,000,000","37,000,000",1,"-66,000,000",CB,"76,000,000",
-805000000,422000000,-808000000,4000000,-567000000,-501000000,29000000,355000000,183000000,1546214400,-312000000,-25000000,1583000000,-3000000,-336000000,93000000,48000000,1,1149000000,CB,86000000,
-805M,422M,-808M,4M,-567M,-501M,29M,355M,183M,2018-12-31,-312M,-25M,1.58B,-3M,-336M,93M,48M,1,1.15B,CB,86M,
"-805,000,000","422,000,000","-808,000,000","4,000,000","-567,000,000","-501,000,000","29,000,000","355,000,000","183,000,000",,"-312,000,000","-25,000,000","1,583,000,000","-3,000,000","-336,000,000","93,000,000","48,000,000",1,"1,149,000,000",CB,"86,000,000",
-1055000000,461000000,-867000000,-100000000,-775000000,250000000,26000000,1231000000,56000000,1538265600,-385000000,-2000000,1700000000,188000000,-340000000,55000000,24000000,1,-338000000,CB,83000000,
-1.05B,461M,-867M,-100M,-775M,250M,26M,1.23B,56M,2018-09-30,-385M,-2M,1.7B,188M,-340M,55M,24M,1,-338M,CB,83M,
"-1,055,000,000","461,000,000","-867,000,000","-100,000,000","-775,000,000","250,000,000","26,000,000","1,231,000,000","56,000,000",,"-385,000,000","-2,000,000","1,700,000,000","188,000,000","-340,000,000","55,000,000","24,000,000",1,"-338,000,000",CB,"83,000,000",
-149000000,179000000,-160000000,5000000,-115000000,112000000,4000000,428000000,1000000,1561852800,,,276000000,,-90000000,-136000000,-34000000,1,-271000000,CINF,17000000,-8000000
-149M,179M,-160M,5M,-115M,112M,4M,428M,1M,2019-06-30,,,276M,,-90M,-136M,-34M,1,-271M,CINF,17M,-8M
"-149,000,000","179,000,000","-160,000,000","5,000,000","-115,000,000","112,000,000","4,000,000","428,000,000","1,000,000",,,,"276,000,000",,"-90,000,000","-136,000,000","-34,000,000",1,"-271,000,000",CINF,"17,000,000","-8,000,000"
-50000000,113000000,-56000000,5000000,-126000000,-156000000,3000000,695000000,18000000,1553990400,,,200000000,,-85000000,-95000000,-44000000,1,-496000000,CINF,19000000,-5000000
-50M,113M,-56M,5M,-126M,-156M,3M,695M,18M,2019-03-31,,,200M,,-85M,-95M,-44M,1,-496M,CINF,19M,-5M
"-50,000,000","113,000,000","-56,000,000","5,000,000","-126,000,000","-156,000,000","3,000,000","695,000,000","18,000,000",,,,"200,000,000",,"-85,000,000","-95,000,000","-44,000,000",1,"-496,000,000",CINF,"19,000,000","-5,000,000"
-64000000,-75000000,-71000000,2000000,-116000000,217000000,2000000,-452000000,168000000,1546214400,,,355000000,,-85000000,5000000,-35000000,1,614000000,CINF,15000000,-6000000
-64M,-75M,-71M,2M,-116M,217M,2M,-452M,168M,2018-12-31,,,355M,,-85M,5M,-35M,1,614M,CINF,15M,-6M
"-64,000,000","-75,000,000","-71,000,000","2,000,000","-116,000,000","217,000,000","2,000,000","-452,000,000","168,000,000",,,,"355,000,000",,"-85,000,000","5,000,000","-35,000,000",1,"614,000,000",CINF,"15,000,000","-6,000,000"
-107000000,13000000,-115000000,-31000000,-152000000,160000000,2000000,553000000,95000000,1538265600,,,362000000,,-85000000,15000000,-38000000,1,-274000000,CINF,16000000,-5000000
-107M,13M,-115M,-31M,-152M,160M,2M,553M,95M,2018-09-30,,,362M,,-85M,15M,-38M,1,-274M,CINF,16M,-5M
"-107,000,000","13,000,000","-115,000,000","-31,000,000","-152,000,000","160,000,000","2,000,000","553,000,000","95,000,000",,,,"362,000,000",,"-85,000,000","15,000,000","-38,000,000",1,"-274,000,000",CINF,"16,000,000","-5,000,000"
-346667000,84106000,-257607000,,-64952000,-118359000,,342855000,77393000,1561852800,-8756000,6243000,393709000,89060000,-56999000,-15211000,803000,1,11787000,RE,,
-346.67M,84.11M,-257.61M,,-64.95M,-118.36M,,342.86M,77.39M,2019-06-30,-8.76M,6.24M,393.71M,89.06M,-57M,-15.21M,803k,1,11.79M,RE,,
"-346,667,000","84,106,000","-257,607,000",,"-64,952,000","-118,359,000",,"342,855,000","77,393,000",,"-8,756,000","6,243,000","393,709,000","89,060,000","-56,999,000","-15,211,000","803,000",1,"11,787,000",RE,,
-487442000,135157000,-432750000,,-93021000,109577000,,348900000,-72121000,1553990400,-27596000,-6152000,459802000,54692000,-57137000,-163108000,-8288000,1,-62478000,RE,,
-487.44M,135.16M,-432.75M,,-93.02M,109.58M,,348.9M,-72.12M,2019-03-31,-27.6M,-6.15M,459.8M,54.69M,-57.14M,-163.11M,-8.29M,1,-62.48M,RE,,
"-487,442,000","135,157,000","-432,750,000",,"-93,021,000","109,577,000",,"348,900,000","-72,121,000",,"-27,596,000","-6,152,000","459,802,000","54,692,000","-57,137,000","-163,108,000","-8,288,000",1,"-62,478,000",RE,,
-42527000,177724000,-2447000,,-58925000,522908000,,-382274000,16334000,1546214400,-1653000,11266000,66440000,40080000,-56878000,-128425000,-394000,1,199406000,RE,,
-42.53M,177.72M,-2.45M,,-58.92M,522.91M,,-382.27M,16.33M,2018-12-31,-1.65M,11.27M,66.44M,40.08M,-56.88M,-128.43M,-394k,1,199.41M,RE,,
"-42,527,000","177,724,000","-2,447,000",,"-58,925,000","522,908,000",,"-382,274,000","16,334,000",,"-1,653,000","11,266,000","66,440,000","40,080,000","-56,878,000","-128,425,000","-394,000",1,"199,406,000",RE,,
-362421000,212771000,-279348000,,-101595000,127923000,,205613000,20268000,1538265600,-50400000,-9770000,410981000,83073000,-52863000,-138201000,1668000,1,-12643000,RE,,
-362.42M,212.77M,-279.35M,,-101.59M,127.92M,,205.61M,20.27M,2018-09-30,-50.4M,-9.77M,410.98M,83.07M,-52.86M,-138.2M,1.67M,1,-12.64M,RE,,
"-362,421,000","212,771,000","-279,348,000",,"-101,595,000","127,923,000",,"205,613,000","20,268,000",,"-50,400,000","-9,770,000","410,981,000","83,073,000","-52,863,000","-138,201,000","1,668,000",1,"-12,643,000",RE,,
-30957000,0,-50594000,-39425000,-186657000,,28006000,186566000,21977000,1561852800,-119201000,-4124000,263352000,,-18956000,,-37081000,1,76786000,GL,,-14639000
-30.96M,,-50.59M,-39.42M,-186.66M,,28.01M,186.57M,21.98M,2019-06-30,-119.2M,-4.12M,263.35M,,-18.96M,,-37.08M,1,76.79M,GL,,-14.64M
"-30,957,000",0,"-50,594,000","-39,425,000","-186,657,000",,"28,006,000","186,566,000","21,977,000",,"-119,201,000","-4,124,000","263,352,000",,"-18,956,000",,"-37,081,000",1,"76,786,000",GL,,"-14,639,000"
-293357000,0,-305762000,-15345000,-169481000,,11592000,185345000,-53684000,1553990400,-110896000,-1726000,423285000,,-17696000,,-37136000,1,237940000,GL,,-7015000
-293.36M,,-305.76M,-15.35M,-169.48M,,11.59M,185.34M,-53.68M,2019-03-31,-110.9M,-1.73M,423.29M,,-17.7M,,-37.14M,1,237.94M,GL,,-7.01M
"-293,357,000",0,"-305,762,000","-15,345,000","-169,481,000",,"11,592,000","185,345,000","-53,684,000",,"-110,896,000","-1,726,000","423,285,000",,"-17,696,000",,"-37,136,000",1,"237,940,000",GL,,"-7,015,000"
-293357000,0,-305762000,-15345000,-169481000,,11592000,164717000,-53684000,1546214400,-110896000,-1726000,423285000,,-17696000,,-37136000,1,237940000,GL,,-7015000
-293.36M,,-305.76M,-15.35M,-169.48M,,11.59M,164.72M,-53.68M,2018-12-31,-110.9M,-1.73M,423.29M,,-17.7M,,-37.14M,1,237.94M,GL,,-7.01M
"-293,357,000",0,"-305,762,000","-15,345,000","-169,481,000",,"11,592,000","164,717,000","-53,684,000",,"-110,896,000","-1,726,000","423,285,000",,"-17,696,000",,"-37,136,000",1,"237,940,000",GL,,"-7,015,000"
-665997000,0,-680606000,491341000,359558000,,13713000,178724000,-4791000,1538265600,-91725000,-4512000,320769000,,-18075000,,-35696000,1,142045000,GL,,-8581000
-666M,,-680.61M,491.34M,359.56M,,13.71M,178.72M,-4.79M,2018-09-30,-91.72M,-4.51M,320.77M,,-18.07M,,-35.7M,1,142.04M,GL,,-8.58M
"-665,997,000",0,"-680,606,000","491,341,000","359,558,000",,"13,713,000","178,724,000","-4,791,000",,"-91,725,000","-4,512,000","320,769,000",,"-18,075,000",,"-35,696,000",1,"142,045,000",GL,,"-8,581,000"
1812000000,0,-99000000,-330000000,-427000000,166000000,,372000000,179000000,1561852800,-38000000,-20000000,725000000,17000000,-112000000,,53000000,1,-479000000,HIG,113000000,-24000000
1.81B,,-99M,-330M,-427M,166M,,372M,179M,2019-06-30,-38M,-20M,725M,17M,-112M,,53M,1,-479M,HIG,113M,-24M
"1,812,000,000",0,"-99,000,000","-330,000,000","-427,000,000","166,000,000",,"372,000,000","179,000,000",,"-38,000,000","-20,000,000","725,000,000","17,000,000","-112,000,000",,"53,000,000",1,"-479,000,000",HIG,"113,000,000","-24,000,000"
53000000,0,129000000,-261000000,-428000000,-431000000,,630000000,-17000000,1553990400,-28000000,3000000,279000000,27000000,-115000000,,-24000000,1,-499000000,HIG,108000000,-20000000
53M,,129M,-261M,-428M,-431M,,630M,-17M,2019-03-31,-28M,3M,279M,27M,-115M,,-24M,1,-499M,HIG,108M,-20M
"53,000,000",0,"129,000,000","-261,000,000","-428,000,000","-431,000,000",,"630,000,000","-17,000,000",,"-28,000,000","3,000,000","279,000,000","27,000,000","-115,000,000",,"-24,000,000",1,"-499,000,000",HIG,"108,000,000","-20,000,000"
-975000000,0,-1200000000,25000000,224000000,489000000,,196000000,19000000,1546214400,-26000000,-6000000,1001000000,-26000000,-109000000,,-24000000,1,-113000000,HIG,108000000,-52000000
-975M,,-1.2B,25M,224M,489M,,196M,19M,2018-12-31,-26M,-6M,1B,-26M,-109M,,-24M,1,-113M,HIG,108M,-52M
"-975,000,000",0,"-1,200,000,000","25,000,000","224,000,000","489,000,000",,"196,000,000","19,000,000",,"-26,000,000","-6,000,000","1,001,000,000","-26,000,000","-109,000,000",,"-24,000,000",1,"-113,000,000",HIG,"108,000,000","-52,000,000"
-377000000,0,-555000000,25000000,-64000000,-40000000,10000000,432000000,-45000000,1538265600,-26000000,2000000,572000000,37000000,-90000000,,-9000000,1,-328000000,HIG,122000000,-11000000
-377M,,-555M,25M,-64M,-40M,10M,432M,-45M,2018-09-30,-26M,2M,572M,37M,-90M,,-9M,1,-328M,HIG,122M,-11M
"-377,000,000",0,"-555,000,000","25,000,000","-64,000,000","-40,000,000","10,000,000","432,000,000","-45,000,000",,"-26,000,000","2,000,000","572,000,000","37,000,000","-90,000,000",,"-9,000,000",1,"-328,000,000",HIG,"122,000,000","-11,000,000"
84000000,-50000000,-5243000000,-941000000,-1502000000,-69000000,31000000,332000000,-6182000000,1561852800,-101000000,46000000,517000000,-45000000,-212000000,-128000000,-279000000,1,254000000,MMC,268000000,-88000000
84M,-50M,-5.24B,-941M,-1.5B,-69M,31M,332M,-6.18B,2019-06-30,-101M,46M,517M,-45M,-212M,-128M,-279M,1,254M,MMC,268M,-88M
"84,000,000","-50,000,000","-5,243,000,000","-941,000,000","-1,502,000,000","-69,000,000","31,000,000","332,000,000","-6,182,000,000",,"-101,000,000","46,000,000","517,000,000","-45,000,000","-212,000,000","-128,000,000","-279,000,000",1,"254,000,000",MMC,"268,000,000","-88,000,000"
27000000,79000000,-187000000,7207000000,6826000000,-1058000000,77000000,716000000,6410000000,1553990400,-86000000,47000000,-276000000,-2000000,-210000000,-309000000,-162000000,1,7000000,MMC,193000000,-73000000
27M,79M,-187M,7.21B,6.83B,-1.06B,77M,716M,6.41B,2019-03-31,-86M,47M,-276M,-2M,-210M,-309M,-162M,1,7M,MMC,193M,-73M
"27,000,000","79,000,000","-187,000,000","7,207,000,000","6,826,000,000","-1,058,000,000","77,000,000","716,000,000","6,410,000,000",,"-86,000,000","47,000,000","-276,000,000","-2,000,000","-210,000,000","-309,000,000","-162,000,000",1,"7,000,000",MMC,"193,000,000","-73,000,000"
5000000,26000000,-337000000,-329000000,-563000000,403000000,21000000,153000000,115000000,1546214400,-5000000,-94000000,1109000000,-7000000,-213000000,132000000,-37000000,1,299000000,MMC,123000000,-92000000
5M,26M,-337M,-329M,-563M,403M,21M,153M,115M,2018-12-31,-5M,-94M,1.11B,-7M,-213M,132M,-37M,1,299M,MMC,123M,-92M
"5,000,000","26,000,000","-337,000,000","-329,000,000","-563,000,000","403,000,000","21,000,000","153,000,000","115,000,000",,"-5,000,000","-94,000,000","1,109,000,000","-7,000,000","-213,000,000","132,000,000","-37,000,000",1,"299,000,000",MMC,"123,000,000","-92,000,000"
2000000,-33000000,-473000000,-104000000,-515000000,222000000,24000000,276000000,-85000000,1538265600,-175000000,-3000000,906000000,1000000,-211000000,178000000,-49000000,1,170000000,MMC,124000000,-87000000
2M,-33M,-473M,-104M,-515M,222M,24M,276M,-85M,2018-09-30,-175M,-3M,906M,1M,-211M,178M,-49M,1,170M,MMC,124M,-87M
"2,000,000","-33,000,000","-473,000,000","-104,000,000","-515,000,000","222,000,000","24,000,000","276,000,000","-85,000,000",,"-175,000,000","-3,000,000","906,000,000","1,000,000","-211,000,000","178,000,000","-49,000,000",1,"170,000,000",MMC,"124,000,000","-87,000,000"
952000000,0,557000000,475000000,934000000,,,1741000000,3929000000,1561852800,-750000000,51000000,2387000000,-565000000,-476000000,,1685000000,1,646000000,MET,,
952M,,557M,475M,934M,,,1.74B,3.93B,2019-06-30,-750M,51M,2.39B,-565M,-476M,,1.69B,1,646M,MET,,
"952,000,000",0,"557,000,000","475,000,000","934,000,000",,,"1,741,000,000","3,929,000,000",,"-750,000,000","51,000,000","2,387,000,000","-565,000,000","-476,000,000",,"1,685,000,000",1,"646,000,000",MET,,
-2423000000,0,-5699000000,-22000000,2316000000,,,1381000000,-1315000000,1553990400,-500000000,-4000000,2072000000,-265000000,-437000000,,3275000000,1,691000000,MET,,
-2.42B,,-5.7B,-22M,2.32B,,,1.38B,-1.31B,2019-03-31,-500M,-4M,2.07B,-265M,-437M,,3.27B,1,691M,MET,,
"-2,423,000,000",0,"-5,699,000,000","-22,000,000","2,316,000,000",,,"1,381,000,000","-1,315,000,000",,"-500,000,000","-4,000,000","2,072,000,000","-265,000,000","-437,000,000",,"3,275,000,000",1,"691,000,000",MET,,
8104000000,0,5358000000,-573000000,-3332000000,9073000000,,2067000000,3331000000,1546214400,-1200000000,4000000,1301000000,164000000,-472000000,-1809000000,-1087000000,1,-9598000000,MET,352000000,
8.1B,,5.36B,-573M,-3.33B,9.07B,,2.07B,3.33B,2018-12-31,-1.2B,4M,1.3B,164M,-472M,-1.81B,-1.09B,1,-9.6B,MET,352M,
"8,104,000,000",0,"5,358,000,000","-573,000,000","-3,332,000,000","9,073,000,000",,"2,067,000,000","3,331,000,000",,"-1,200,000,000","4,000,000","1,301,000,000","164,000,000","-472,000,000","-1,809,000,000","-1,087,000,000",1,"-9,598,000,000",MET,"352,000,000",
-3882000000,0,-6228000000,-1113000000,-1081000000,9073000000,,912000000,-3822000000,1538265600,-636000000,-46000000,3533000000,-341000000,-451000000,-1809000000,1119000000,1,2621000000,MET,352000000,
-3.88B,,-6.23B,-1.11B,-1.08B,9.07B,,912M,-3.82B,2018-09-30,-636M,-46M,3.53B,-341M,-451M,-1.81B,1.12B,1,2.62B,MET,352M,
"-3,882,000,000",0,"-6,228,000,000","-1,113,000,000","-1,081,000,000","9,073,000,000",,"912,000,000","-3,822,000,000",,"-636,000,000","-46,000,000","3,533,000,000","-341,000,000","-451,000,000","-1,809,000,000","1,119,000,000",1,"2,621,000,000",MET,"352,000,000",
-314000000,0,-852900000,528600000,407100000,983100000,16300000,386300000,1056200000,1561852800,-100000,,1502000000,,-150400000,119000000,12700000,1,-121700000,PFG,53200000,-36000000
-314M,,-852.9M,528.6M,407.1M,983.1M,16.3M,386.3M,1.06B,2019-06-30,-100k,,1.5B,,-150.4M,119M,12.7M,1,-121.7M,PFG,53.2M,-36M
"-314,000,000",0,"-852,900,000","528,600,000","407,100,000","983,100,000","16,300,000","386,300,000","1,056,200,000",,"-100,000",,"1,502,000,000",,"-150,400,000","119,000,000","12,700,000",1,"-121,700,000",PFG,"53,200,000","-36,000,000"
-1208500000,0,-1491100000,6500000,-403100000,915100000,5800000,429900000,-717800000,1553990400,-153600000,,1176400000,,-150200000,-189800000,-111600000,1,-154800000,PFG,51000000,-29400000
-1.21B,,-1.49B,6.5M,-403.1M,915.1M,5.8M,429.9M,-717.8M,2019-03-31,-153.6M,,1.18B,,-150.2M,-189.8M,-111.6M,1,-154.8M,PFG,51M,-29.4M
"-1,208,500,000",0,"-1,491,100,000","6,500,000","-403,100,000","915,100,000","5,800,000","429,900,000","-717,800,000",,"-153,600,000",,"1,176,400,000",,"-150,200,000","-189,800,000","-111,600,000",1,"-154,800,000",PFG,"51,000,000","-29,400,000"
-801200000,0,-1293800000,23000000,-98000000,867600000,11600000,236500000,50800000,1546214400,-210100000,,1442600000,,-152100000,71500000,229600000,1,-154800000,PFG,53200000,-18900000
-801.2M,,-1.29B,23M,-98M,867.6M,11.6M,236.5M,50.8M,2018-12-31,-210.1M,,1.44B,,-152.1M,71.5M,229.6M,1,-154.8M,PFG,53.2M,-18.9M
"-801,200,000",0,"-1,293,800,000","23,000,000","-98,000,000","867,600,000","11,600,000","236,500,000","50,800,000",,"-210,100,000",,"1,442,600,000",,"-152,100,000","71,500,000","229,600,000",1,"-154,800,000",PFG,"53,200,000","-18,900,000"
-1429300000,0,-2067200000,-3200000,576200000,1608800000,7800000,456300000,584700000,1538265600,-65000000,,2075700000,,-150700000,-60000000,787300000,1,-85900000,PFG,50700000,-29800000
-1.43B,,-2.07B,-3.2M,576.2M,1.61B,7.8M,456.3M,584.7M,2018-09-30,-65M,,2.08B,,-150.7M,-60M,787.3M,1,-85.9M,PFG,50.7M,-29.8M
"-1,429,300,000",0,"-2,067,200,000","-3,200,000","576,200,000","1,608,800,000","7,800,000","456,300,000","584,700,000",,"-65,000,000",,"2,075,700,000",,"-150,700,000","-60,000,000","787,300,000",1,"-85,900,000",PFG,"50,700,000","-29,800,000"
-1772700000,507400000,-1512900000,,-59100000,383000000,1600000,979400000,-65800000,1561852800,-2300000,,1506200000,380000000,-58400000,22700000,,1,-158500000,PGR,80000000,-127400000
-1.77B,507.4M,-1.51B,,-59.1M,383M,1.6M,979.4M,-65.8M,2019-06-30,-2.3M,,1.51B,380M,-58.4M,22.7M,,1,-158.5M,PGR,80M,-127.4M
"-1,772,700,000","507,400,000","-1,512,900,000",,"-59,100,000","383,000,000","1,600,000","979,400,000","-65,800,000",,"-2,300,000",,"1,506,200,000","380,000,000","-58,400,000","22,700,000",,1,"-158,500,000",PGR,"80,000,000","-127,400,000"
-125400000,1208600000,-277400000,,-1507400000,124100000,1600000,1078400000,83700000,1553990400,-26100000,,1868500000,-82400000,-1481300000,-692700000,,1,-385600000,PGR,70500000,-75800000
-125.4M,1.21B,-277.4M,,-1.51B,124.1M,1.6M,1.08B,83.7M,2019-03-31,-26.1M,,1.87B,-82.4M,-1.48B,-692.7M,,1,-385.6M,PGR,70.5M,-75.8M
"-125,400,000","1,208,600,000","-277,400,000",,"-1,507,400,000","124,100,000","1,600,000","1,078,400,000","83,700,000",,"-26,100,000",,"1,868,500,000","-82,400,000","-1,481,300,000","-692,700,000",,1,"-385,600,000",PGR,"70,500,000","-75,800,000"
-1576000000,-608900000,-1675200000,544500000,544200000,641300000,1600000,264700000,-47700000,1546214400,-300000,,1083300000,700000,-1481300000,279500000,,1,619800000,PGR,70600000,-101200000
-1.58B,-608.9M,-1.68B,544.5M,544.2M,641.3M,1.6M,264.7M,-47.7M,2018-12-31,-300k,,1.08B,700k,-1.48B,279.5M,,1,619.8M,PGR,70.6M,-101.2M
"-1,576,000,000","-608,900,000","-1,675,200,000","544,500,000","544,200,000","641,300,000","1,600,000","264,700,000","-47,700,000",,"-300,000",,"1,083,300,000","700,000","-1,481,300,000","279,500,000",,1,"619,800,000",PGR,"70,600,000","-101,200,000"
-1281100000,1095700000,-1700400000,544500000,-52800000,300900000,1600000,928400000,-35000000,1538265600,-39300000,,1718200000,-356900000,-13500000,-546400000,,1,-152600000,PGR,69200000,-62800000
-1.28B,1.1B,-1.7B,544.5M,-52.8M,300.9M,1.6M,928.4M,-35M,2018-09-30,-39.3M,,1.72B,-356.9M,-13.5M,-546.4M,,1,-152.6M,PGR,69.2M,-62.8M
"-1,281,100,000","1,095,700,000","-1,700,400,000","544,500,000","-52,800,000","300,900,000","1,600,000","928,400,000","-35,000,000",,"-39,300,000",,"1,718,200,000","-356,900,000","-13,500,000","-546,400,000",,1,"-152,600,000",PGR,"69,200,000","-62,800,000"
-3095000000,0,-2738000000,-445000000,-1805000000,4699000000,39000000,708000000,725000000,1561852800,-499000000,29000000,5239000000,444000000,-407000000,,-493000000,1,475000000,PRU,-109000000,
-3.1B,,-2.74B,-445M,-1.8B,4.7B,39M,708M,725M,2019-06-30,-499M,29M,5.24B,444M,-407M,,-493M,1,475M,PRU,-109M,
"-3,095,000,000",0,"-2,738,000,000","-445,000,000","-1,805,000,000","4,699,000,000","39,000,000","708,000,000","725,000,000",,"-499,000,000","29,000,000","5,239,000,000","444,000,000","-407,000,000",,"-493,000,000",1,"475,000,000",PRU,"-109,000,000",
-4301000000,0,-5299000000,1510000000,1566000000,920000000,36000000,932000000,-650000000,1553990400,-484000000,-2000000,3085000000,173000000,-420000000,,924000000,1,1061000000,PRU,20000000,
-4.3B,,-5.3B,1.51B,1.57B,920M,36M,932M,-650M,2019-03-31,-484M,-2M,3.08B,173M,-420M,,924M,1,1.06B,PRU,20M,
"-4,301,000,000",0,"-5,299,000,000","1,510,000,000","1,566,000,000","920,000,000","36,000,000","932,000,000","-650,000,000",,"-484,000,000","-2,000,000","3,085,000,000","173,000,000","-420,000,000",,"924,000,000",1,"1,061,000,000",PRU,"20,000,000",
-8541000000,0,-8687000000,96000000,-28000000,10578000000,25000000,842000000,2891000000,1546214400,-388000000,210000000,11396000000,-77000000,-374000000,,613000000,1,-316000000,PRU,116000000,
-8.54B,,-8.69B,96M,-28M,10.58B,25M,842M,2.89B,2018-12-31,-388M,210M,11.4B,-77M,-374M,,613M,1,-316M,PRU,116M,
"-8,541,000,000",0,"-8,687,000,000","96,000,000","-28,000,000","10,578,000,000","25,000,000","842,000,000","2,891,000,000",,"-388,000,000","210,000,000","11,396,000,000","-77,000,000","-374,000,000",,"613,000,000",1,"-316,000,000",PRU,"116,000,000",
-6083000000,0,-6452000000,1015000000,400000000,1667000000,33000000,1672000000,-2456000000,1538265600,-373000000,3000000,3593000000,298000000,-378000000,,103000000,1,288000000,PRU,-3000000,
-6.08B,,-6.45B,1.01B,400M,1.67B,33M,1.67B,-2.46B,2018-09-30,-373M,3M,3.59B,298M,-378M,,103M,1,288M,PRU,-3M,
"-6,083,000,000",0,"-6,452,000,000","1,015,000,000","400,000,000","1,667,000,000","33,000,000","1,672,000,000","-2,456,000,000",,"-373,000,000","3,000,000","3,593,000,000","298,000,000","-378,000,000",,"103,000,000",1,"288,000,000",PRU,"-3,000,000",
52000000,407000000,-115000000,-500000000,-979000000,-381000000,111000000,557000000,59000000,1561852800,-376000000,,1153000000,-159000000,-214000000,-345000000,,1,-409000000,TRV,190000000,
52M,407M,-115M,-500M,-979M,-381M,111M,557M,59M,2019-06-30,-376M,,1.15B,-159M,-214M,-345M,,1,-409M,TRV,190M,
"52,000,000","407,000,000","-115,000,000","-500,000,000","-979,000,000","-381,000,000","111,000,000","557,000,000","59,000,000",,"-376,000,000",,"1,153,000,000","-159,000,000","-214,000,000","-345,000,000",,1,"-409,000,000",TRV,"190,000,000",
-722000000,551000000,-586000000,492000000,-71000000,-1547000000,63000000,796000000,-16000000,1553990400,-421000000,2000000,639000000,213000000,-205000000,-434000000,,1,-55000000,TRV,211000000,
-722M,551M,-586M,492M,-71M,-1.55B,63M,796M,-16M,2019-03-31,-421M,2M,639M,213M,-205M,-434M,,1,-55M,TRV,211M,
"-722,000,000","551,000,000","-586,000,000","492,000,000","-71,000,000","-1,547,000,000","63,000,000","796,000,000","-16,000,000",,"-421,000,000","2,000,000","639,000,000","213,000,000","-205,000,000","-434,000,000",,1,"-55,000,000",TRV,"211,000,000",
-304000000,-385000000,-570000000,492000000,-358000000,-798000000,15000000,621000000,14000000,1546214400,-170000000,-6000000,948000000,-315000000,-203000000,115000000,,1,79000000,TRV,194000000,
-304M,-385M,-570M,492M,-358M,-798M,15M,621M,14M,2018-12-31,-170M,-6M,948M,-315M,-203M,115M,,1,79M,TRV,194M,
"-304,000,000","-385,000,000","-570,000,000","492,000,000","-358,000,000","-798,000,000","15,000,000","621,000,000","14,000,000",,"-170,000,000","-6,000,000","948,000,000","-315,000,000","-203,000,000","115,000,000",,1,"79,000,000",TRV,"194,000,000",
-1107000000,216000000,-1302000000,100000000,-488000000,-541000000,19000000,709000000,-56000000,1538265600,-400000000,-6000000,1734000000,-186000000,-207000000,152000000,,1,-117000000,TRV,198000000,
-1.11B,216M,-1.3B,100M,-488M,-541M,19M,709M,-56M,2018-09-30,-400M,-6M,1.73B,-186M,-207M,152M,,1,-117M,TRV,198M,
"-1,107,000,000","216,000,000","-1,302,000,000","100,000,000","-488,000,000","-541,000,000","19,000,000","709,000,000","-56,000,000",,"-400,000,000","-6,000,000","1,734,000,000","-186,000,000","-207,000,000","152,000,000",,1,"-117,000,000",TRV,"198,000,000",
-613100000,0,-642000000,380900000,214800000,185000000,2100000,281200000,-1300000,1561852800,-100200000,,425900000,7900000,-55200000,67900000,-12800000,1,-119300000,UNM,27500000,-36800000
-613.1M,,-642M,380.9M,214.8M,185M,2.1M,281.2M,-1.3M,2019-06-30,-100.2M,,425.9M,7.9M,-55.2M,67.9M,-12.8M,1,-119.3M,UNM,27.5M,-36.8M
"-613,100,000",0,"-642,000,000","380,900,000","214,800,000","185,000,000","2,100,000","281,200,000","-1,300,000",,"-100,200,000",,"425,900,000","7,900,000","-55,200,000","67,900,000","-12,800,000",1,"-119,300,000",UNM,"27,500,000","-36,800,000"
-229200000,0,-365200000,-15000000,-183500000,51800000,1400000,280900000,-31900000,1553990400,-100000000,,516800000,-107900000,-55700000,-10700000,-14200000,1,-85700000,UNM,27400000,-28100000
-229.2M,,-365.2M,-15M,-183.5M,51.8M,1.4M,280.9M,-31.9M,2019-03-31,-100M,,516.8M,-107.9M,-55.7M,-10.7M,-14.2M,1,-85.7M,UNM,27.4M,-28.1M
"-229,200,000",0,"-365,200,000","-15,000,000","-183,500,000","51,800,000","1,400,000","280,900,000","-31,900,000",,"-100,000,000",,"516,800,000","-107,900,000","-55,700,000","-10,700,000","-14,200,000",1,"-85,700,000",UNM,"27,400,000","-28,100,000"
-38700000,0,-342700000,-15000000,-230500000,27100000,1000000,249100000,-120200000,1546214400,-150400000,,453000000,-110100000,-55400000,85900000,-10700000,1,-3400000,UNM,26500000,-48500000
-38.7M,,-342.7M,-15M,-230.5M,27.1M,1M,249.1M,-120.2M,2018-12-31,-150.4M,,453M,-110.1M,-55.4M,85.9M,-10.7M,1,-3.4M,UNM,26.5M,-48.5M
"-38,700,000",0,"-342,700,000","-15,000,000","-230,500,000","27,100,000","1,000,000","249,100,000","-120,200,000",,"-150,400,000",,"453,000,000","-110,100,000","-55,400,000","85,900,000","-10,700,000",1,"-3,400,000",UNM,"26,500,000","-48,500,000"
119700000,0,14200000,-215000000,-286800000,840300000,1000000,-284700000,114700000,1538265600,-150400000,,387300000,-69500000,-56900000,-142900000,-15900000,1,50600000,UNM,25400000,-36000000
119.7M,,14.2M,-215M,-286.8M,840.3M,1M,-284.7M,114.7M,2018-09-30,-150.4M,,387.3M,-69.5M,-56.9M,-142.9M,-15.9M,1,50.6M,UNM,25.4M,-36M
"119,700,000",0,"14,200,000","-215,000,000","-286,800,000","840,300,000","1,000,000","-284,700,000","114,700,000",,"-150,400,000",,"387,300,000","-69,500,000","-56,900,000","-142,900,000","-15,900,000",1,"50,600,000",UNM,"25,400,000","-36,000,000"
,0,-73000000,-246000000,-456000000,-25000000,5000000,138000000,-180000000,1561852800,-63000000,-1000000,350000000,-6000000,-84000000,39000000,-68000000,1,16000000,WLTW,149000000,-63000000
,,-73M,-246M,-456M,-25M,5M,138M,-180M,2019-06-30,-63M,-1M,350M,-6M,-84M,39M,-68M,1,16M,WLTW,149M,-63M
,0,"-73,000,000","-246,000,000","-456,000,000","-25,000,000","5,000,000","138,000,000","-180,000,000",,"-63,000,000","-1,000,000","350,000,000","-6,000,000","-84,000,000","39,000,000","-68,000,000",1,"16,000,000",WLTW,"149,000,000","-63,000,000"
,0,-75000000,137000000,82000000,-406000000,22000000,287000000,-41000000,1553990400,-63000000,-1000000,-47000000,-6000000,-77000000,-121000000,-68000000,1,12000000,WLTW,149000000,-57000000
,,-75M,137M,82M,-406M,22M,287M,-41M,2019-03-31,-63M,-1M,-47M,-6M,-77M,-121M,-68M,1,12M,WLTW,149M,-57M
,0,"-75,000,000","137,000,000","82,000,000","-406,000,000","22,000,000","287,000,000","-41,000,000",,"-63,000,000","-1,000,000","-47,000,000","-6,000,000","-77,000,000","-121,000,000","-68,000,000",1,"12,000,000",WLTW,"149,000,000","-57,000,000"
,0,-101000000,-100000000,-361000000,309000000,24000000,378000000,102000000,1546214400,-201000000,-8000000,572000000,-1000000,-78000000,-264000000,-6000000,1,-28000000,WLTW,143000000,-59000000
,,-101M,-100M,-361M,309M,24M,378M,102M,2018-12-31,-201M,-8M,572M,-1M,-78M,-264M,-6M,1,-28M,WLTW,143M,-59M
,0,"-101,000,000","-100,000,000","-361,000,000","309,000,000","24,000,000","378,000,000","102,000,000",,"-201,000,000","-8,000,000","572,000,000","-1,000,000","-78,000,000","-264,000,000","-6,000,000",1,"-28,000,000",WLTW,"143,000,000","-59,000,000"
,0,-87000000,20000000,-207000000,-102000000,3000000,44000000,20000000,1538265600,-132000000,-7000000,321000000,-3000000,-79000000,251000000,-19000000,1,-54000000,WLTW,149000000,-68000000
,,-87M,20M,-207M,-102M,3M,44M,20M,2018-09-30,-132M,-7M,321M,-3M,-79M,251M,-19M,1,-54M,WLTW,149M,-68M
,0,"-87,000,000","20,000,000","-207,000,000","-102,000,000","3,000,000","44,000,000","20,000,000",,"-132,000,000","-7,000,000","321,000,000","-3,000,000","-79,000,000","251,000,000","-19,000,000",1,"-54,000,000",WLTW,"149,000,000","-68,000,000"
1784000000,0,1074000000,,1878000000,-673000000,,363000000,1721000000,1561852800,-150000000,,-1231000000,294000000,-76000000,54000000,2104000000,1,-927000000,LNC,29000000,
1.78B,,1.07B,,1.88B,-673M,,363M,1.72B,2019-06-30,-150M,,-1.23B,294M,-76M,54M,2.1B,1,-927M,LNC,29M,
"1,784,000,000",0,"1,074,000,000",,"1,878,000,000","-673,000,000",,"363,000,000","1,721,000,000",,"-150,000,000",,"-1,231,000,000","294,000,000","-76,000,000","54,000,000","2,104,000,000",1,"-927,000,000",LNC,"29,000,000",
-709000000,0,-1133000000,,1712000000,-768000000,,252000000,-752000000,1553990400,-150000000,,-1331000000,426000000,-77000000,-37000000,1939000000,1,-784000000,LNC,19000000,
-709M,,-1.13B,,1.71B,-768M,,252M,-752M,2019-03-31,-150M,,-1.33B,426M,-77M,-37M,1.94B,1,-784M,LNC,19M,
"-709,000,000",0,"-1,133,000,000",,"1,712,000,000","-768,000,000",,"252,000,000","-752,000,000",,"-150,000,000",,"-1,331,000,000","426,000,000","-77,000,000","-37,000,000","1,939,000,000",1,"-784,000,000",LNC,"19,000,000",
-1571000000,0,-1575000000,37000000,1551000000,1059000000,,399000000,885000000,1546214400,-625000000,,909000000,664000000,-72000000,22000000,2211000000,1,-667000000,LNC,1000000,
-1.57B,,-1.57B,37M,1.55B,1.06B,,399M,885M,2018-12-31,-625M,,909M,664M,-72M,22M,2.21B,1,-667M,LNC,1M,
"-1,571,000,000",0,"-1,575,000,000","37,000,000","1,551,000,000","1,059,000,000",,"399,000,000","885,000,000",,"-625,000,000",,"909,000,000","664,000,000","-72,000,000","22,000,000","2,211,000,000",1,"-667,000,000",LNC,"1,000,000",
-851000000,0,-1867000000,37000000,1150000000,-273000000,,490000000,-315000000,1538265600,-175000000,,402000000,-631000000,-72000000,-18000000,1397000000,1,164000000,LNC,2000000,
-851M,,-1.87B,37M,1.15B,-273M,,490M,-315M,2018-09-30,-175M,,402M,-631M,-72M,-18M,1.4B,1,164M,LNC,2M,
"-851,000,000",0,"-1,867,000,000","37,000,000","1,150,000,000","-273,000,000",,"490,000,000","-315,000,000",,"-175,000,000",,"402,000,000","-631,000,000","-72,000,000","-18,000,000","1,397,000,000",1,"164,000,000",LNC,"2,000,000",
178000000,0,-256000000,158000000,-36000000,152000000,,249000000,101000000,1561852800,-161000000,,393000000,-32000000,-19000000,-94000000,-14000000,1,196000000,L,15000000,-282000000
178M,,-256M,158M,-36M,152M,,249M,101M,2019-06-30,-161M,,393M,-32M,-19M,-94M,-14M,1,196M,L,15M,-282M
"178,000,000",0,"-256,000,000","158,000,000","-36,000,000","152,000,000",,"249,000,000","101,000,000",,"-161,000,000",,"393,000,000","-32,000,000","-19,000,000","-94,000,000","-14,000,000",1,"196,000,000",L,"15,000,000","-282,000,000"
584000000,0,300000000,-18000000,-449000000,-219000000,,394000000,-66000000,1553990400,-317000000,2000000,81000000,-61000000,-19000000,15000000,-95000000,1,355000000,L,16000000,-223000000
584M,,300M,-18M,-449M,-219M,,394M,-66M,2019-03-31,-317M,2M,81M,-61M,-19M,15M,-95M,1,355M,L,16M,-223M
"584,000,000",0,"300,000,000","-18,000,000","-449,000,000","-219,000,000",,"394,000,000","-66,000,000",,"-317,000,000","2,000,000","81,000,000","-61,000,000","-19,000,000","15,000,000","-95,000,000",1,"355,000,000",L,"16,000,000","-223,000,000"
-387000000,0,-727000000,-91000000,-260000000,432000000,,-165000000,-166000000,1546214400,-137000000,-6000000,827000000,-56000000,-20000000,-149000000,-12000000,1,-357000000,L,863000000,-264000000
-387M,,-727M,-91M,-260M,432M,,-165M,-166M,2018-12-31,-137M,-6M,827M,-56M,-20M,-149M,-12M,1,-357M,L,863M,-264M
"-387,000,000",0,"-727,000,000","-91,000,000","-260,000,000","432,000,000",,"-165,000,000","-166,000,000",,"-137,000,000","-6,000,000","827,000,000","-56,000,000","-20,000,000","-149,000,000","-12,000,000",1,"-357,000,000",L,"863,000,000","-264,000,000"
695000000,0,520000000,-15000000,-1647000000,-414000000,,278000000,118000000,1538265600,-90000000,1000000,1244000000,-28000000,-20000000,525000000,-1522000000,1,622000000,L,16000000,-251000000
695M,,520M,-15M,-1.65B,-414M,,278M,118M,2018-09-30,-90M,1M,1.24B,-28M,-20M,525M,-1.52B,1,622M,L,16M,-251M
"695,000,000",0,"520,000,000","-15,000,000","-1,647,000,000","-414,000,000",,"278,000,000","118,000,000",,"-90,000,000","1,000,000","1,244,000,000","-28,000,000","-20,000,000","525,000,000","-1,522,000,000",1,"622,000,000",L,"16,000,000","-251,000,000"
