intangibleAssets,capitalSurplus,totalLiab,totalStockholderEquity,otherCurrentLiab,totalAssets,endDate,commonStock,otherCurrentAssets,retainedEarnings,otherLiab,treasuryStock,otherAssets,cash,totalCurrentLiabilities,shortLongTermDebt,otherStockholderEquity,propertyPlantEquipment,totalCurrentAssets,longTermInvestments,netTangibleAssets,shortTermInvestments,netReceivables,maxAge,longTermDebt,accountsPayable,symbol,goodWill,deferredLongTermAssetCharges,minorityInterest,deferredLongTermLiab
10128000000,2247000000,123159000000,28241000000,10350000000,151400000000,1561852800,135000000,2283000000,33130000000,100312000000,-7271000000,8800000000,3019000000,16619000000,3000000,6364000000,562000000,6877000000,125033000000,28241000000,677000000,883000000,1,6098000000,4706000000,AFL,,,,
10.13B,2.25B,123.16B,28.24B,10.35B,151.4B,2019-06-30,135M,2.28B,33.13B,100.31B,-7.27B,8.8B,3.02B,16.62B,3M,6.36B,562M,6.88B,125.03B,28.24B,677M,883M,1,6.1B,4.71B,AFL,,,,
"10,128,000,000","2,247,000,000","123,159,000,000","28,241,000,000","10,350,000,000","151,400,000,000",,"135,000,000","2,283,000,000","33,130,000,000","100,312,000,000","-7,271,000,000","8,800,000,000","3,019,000,000","16,619,000,000","3,000,000","6,364,000,000","562,000,000","6,877,000,000","125,033,000,000","28,241,000,000","677,000,000","883,000,000",1,"6,098,000,000","4,706,000,000",AFL,,,,
9892000000,2208000000,119630000000,26049000000,10405000000,145679000000,1553990400,135000000,2065000000,32513000000,96730000000,-8807000000,8275000000,3892000000,17000000000,1000000,4481000000,559000000,7366000000,119587000000,26049000000,543000000,858000000,1,5766000000,4625000000,AFL,,,,
9.89B,2.21B,119.63B,26.05B,10.4B,145.68B,2019-03-31,135M,2.06B,32.51B,96.73B,-8.81B,8.28B,3.89B,17B,1M,4.48B,559M,7.37B,119.59B,26.05B,543M,858M,1,5.77B,4.62B,AFL,,,,
"9,892,000,000","2,208,000,000","119,630,000,000","26,049,000,000","10,405,000,000","145,679,000,000",,"135,000,000","2,065,000,000","32,513,000,000","96,730,000,000","-8,807,000,000","8,275,000,000","3,892,000,000","17,000,000,000","1,000,000","4,481,000,000","559,000,000","7,366,000,000","119,587,000,000","26,049,000,000","543,000,000","858,000,000",1,"5,766,000,000","4,625,000,000",AFL,,,,
9875000000,2177000000,116944000000,23462000000,9496000000,140406000000,1546214400,135000000,2128000000,31788000000,97667000000,-10638000000,8014000000,4337000000,13504000000,1000000,2151000000,443000000,7471000000,114603000000,23462000000,152000000,851000000,1,5765000000,2950000000,AFL,,,,
9.88B,2.18B,116.94B,23.46B,9.5B,140.41B,2018-12-31,135M,2.13B,31.79B,97.67B,-10.64B,8.01B,4.34B,13.5B,1M,2.15B,443M,7.47B,114.6B,23.46B,152M,851M,1,5.76B,2.95B,AFL,,,,
"9,875,000,000","2,177,000,000","116,944,000,000","23,462,000,000","9,496,000,000","140,406,000,000",,"135,000,000","2,128,000,000","31,788,000,000","97,667,000,000","-10,638,000,000","8,014,000,000","4,337,000,000","13,504,000,000","1,000,000","2,151,000,000","443,000,000","7,471,000,000","114,603,000,000","23,462,000,000","152,000,000","851,000,000",1,"5,765,000,000","2,950,000,000",AFL,,,,
9622000000,2151000000,114707000000,23234000000,9607000000,137941000000,1538265600,135000000,2082000000,31461000000,93320000000,-10513000000,7544000000,3429000000,16108000000,1000000,1909000000,435000000,6297000000,114043000000,23234000000,2000000,784000000,1,5264000000,4530000000,AFL,,,,
9.62B,2.15B,114.71B,23.23B,9.61B,137.94B,2018-09-30,135M,2.08B,31.46B,93.32B,-10.51B,7.54B,3.43B,16.11B,1M,1.91B,435M,6.3B,114.04B,23.23B,2M,784M,1,5.26B,4.53B,AFL,,,,
"9,622,000,000","2,151,000,000","114,707,000,000","23,234,000,000","9,607,000,000","137,941,000,000",,"135,000,000","2,082,000,000","31,461,000,000","93,320,000,000","-10,513,000,000","7,544,000,000","3,429,000,000","16,108,000,000","1,000,000","1,909,000,000","435,000,000","6,297,000,000","114,043,000,000","23,234,000,000","2,000,000","784,000,000",1,"5,264,000,000","4,530,000,000",AFL,,,,
4667000000,3477000000,93898000000,22546000000,15229000000,118374000000,1561852800,9000000,10118000000,45803000000,42463000000,-26743000000,14596000000,599000000,44249000000,,1757000000,1519000000,20837000000,74208000000,19999000000,3740000000,6380000000,1,6628000000,29020000000,ALL,2547000000,,,
4.67B,3.48B,93.9B,22.55B,15.23B,118.37B,2019-06-30,9M,10.12B,45.8B,42.46B,-26.74B,14.6B,599M,44.25B,,1.76B,1.52B,20.84B,74.21B,20B,3.74B,6.38B,1,6.63B,29.02B,ALL,2.55B,,,
"4,667,000,000","3,477,000,000","93,898,000,000","22,546,000,000","15,229,000,000","118,374,000,000",,"9,000,000","10,118,000,000","45,803,000,000","42,463,000,000","-26,743,000,000","14,596,000,000","599,000,000","44,249,000,000",,"1,757,000,000","1,519,000,000","20,837,000,000","74,208,000,000","19,999,000,000","3,740,000,000","6,380,000,000",1,"6,628,000,000","29,020,000,000",ALL,"2,547,000,000",,,
4670000000,3291000000,92416000000,21488000000,14605000000,115834000000,1553990400,9000000,10175000000,45148000000,42351000000,-26960000000,14515000000,551000000,43040000000,,1082000000,1521000000,21084000000,71497000000,18941000000,4157000000,6201000000,1,6453000000,28435000000,ALL,2547000000,,,
4.67B,3.29B,92.42B,21.49B,14.61B,115.83B,2019-03-31,9M,10.18B,45.15B,42.35B,-26.96B,14.52B,551M,43.04B,,1.08B,1.52B,21.08B,71.5B,18.94B,4.16B,6.2B,1,6.45B,28.43B,ALL,2.55B,,,
"4,670,000,000","3,291,000,000","92,416,000,000","21,488,000,000","14,605,000,000","115,834,000,000",,"9,000,000","10,175,000,000","45,148,000,000","42,351,000,000","-26,960,000,000","14,515,000,000","551,000,000","43,040,000,000",,"1,082,000,000","1,521,000,000","21,084,000,000","71,497,000,000","18,941,000,000","4,157,000,000","6,201,000,000",1,"6,453,000,000","28,435,000,000",ALL,"2,547,000,000",,,
5497000000,3310000000,90937000000,19382000000,14576000000,112249000000,1546214400,9000000,10304000000,45708000000,56406000000,-29645000000,13198000000,499000000,28080000000,-1000000,-1560000000,1045000000,20190000000,69789000000,16139000000,3027000000,6154000000,1,6451000000,13505000000,ALL,2530000000,57000000,,
5.5B,3.31B,90.94B,19.38B,14.58B,112.25B,2018-12-31,9M,10.3B,45.71B,56.41B,-29.64B,13.2B,499M,28.08B,-1M,-1.56B,1.04B,20.19B,69.79B,16.14B,3.03B,6.15B,1,6.45B,13.51B,ALL,2.53B,57M,,
"5,497,000,000","3,310,000,000","90,937,000,000","19,382,000,000","14,576,000,000","112,249,000,000",,"9,000,000","10,304,000,000","45,708,000,000","56,406,000,000","-29,645,000,000","13,198,000,000","499,000,000","28,080,000,000","-1,000,000","-1,560,000,000","1,045,000,000","20,190,000,000","69,789,000,000","16,139,000,000","3,027,000,000","6,154,000,000",1,"6,451,000,000","13,505,000,000",ALL,"2,530,000,000","57,000,000",,
5222000000,3441000000,90857000000,21330000000,14716000000,114490000000,1538265600,9000000,9725000000,46178000000,41849000000,-28298000000,14081000000,460000000,42558000000,-1000000,-1287000000,1032000000,19657000000,72309000000,18586000000,3071000000,6196000000,1,6450000000,27843000000,ALL,2189000000,,,
5.22B,3.44B,90.86B,21.33B,14.72B,114.49B,2018-09-30,9M,9.72B,46.18B,41.85B,-28.3B,14.08B,460M,42.56B,-1M,-1.29B,1.03B,19.66B,72.31B,18.59B,3.07B,6.2B,1,6.45B,27.84B,ALL,2.19B,,,
"5,222,000,000","3,441,000,000","90,857,000,000","21,330,000,000","14,716,000,000","114,490,000,000",,"9,000,000","9,725,000,000","46,178,000,000","41,849,000,000","-28,298,000,000","14,081,000,000","460,000,000","42,558,000,000","-1,000,000","-1,287,000,000","1,032,000,000","19,657,000,000","72,309,000,000","18,586,000,000","3,071,000,000","6,196,000,000",1,"6,450,000,000","27,843,000,000",ALL,"2,189,000,000",,,
973000000,6002000000,25894000000,3836000000,13042000000,29807000000,1561852800,2000000,12528000000,1669000000,2674000000,-3837000000,2214000000,536300000,15481000000,1000000,-3837000000,1623000000,16745000000,54000000,-5335000000,180700000,3372000000,1,6740000000,1369000000,AON,8198000000,599000000,77000000,161000000
973M,6B,25.89B,3.84B,13.04B,29.81B,2019-06-30,2M,12.53B,1.67B,2.67B,-3.84B,2.21B,536.3M,15.48B,1M,-3.84B,1.62B,16.75B,54M,-5.33B,180.7M,3.37B,1,6.74B,1.37B,AON,8.2B,599M,77M,161M
"973,000,000","6,002,000,000","25,894,000,000","3,836,000,000","13,042,000,000","29,807,000,000",,"2,000,000","12,528,000,000","1,669,000,000","2,674,000,000","-3,837,000,000","2,214,000,000","536,300,000","15,481,000,000","1,000,000","-3,837,000,000","1,623,000,000","16,745,000,000","54,000,000","-5,335,000,000","180,700,000","3,372,000,000",1,"6,740,000,000","1,369,000,000",AON,"8,198,000,000","599,000,000","77,000,000","161,000,000"
1077000000,5958000000,24273000000,4775000000,12391000000,29135000000,1553990400,2000000,11858400000,2555000000,2718000000,-3740000000,2196000000,552000000,14537000000,3000000,-3740000000,1669000000,15919000000,55000000,-4521000000,77600000,3323000000,1,5990000000,1479000000,AON,8219000000,588000000,87000000,155000000
1.08B,5.96B,24.27B,4.78B,12.39B,29.14B,2019-03-31,2M,11.86B,2.56B,2.72B,-3.74B,2.2B,552M,14.54B,3M,-3.74B,1.67B,15.92B,55M,-4.52B,77.6M,3.32B,1,5.99B,1.48B,AON,8.22B,588M,87M,155M
"1,077,000,000","5,958,000,000","24,273,000,000","4,775,000,000","12,391,000,000","29,135,000,000",,"2,000,000","11,858,400,000","2,555,000,000","2,718,000,000","-3,740,000,000","2,196,000,000","552,000,000","14,537,000,000","3,000,000","-3,740,000,000","1,669,000,000","15,919,000,000","55,000,000","-4,521,000,000","77,600,000","3,323,000,000",1,"5,990,000,000","1,479,000,000",AON,"8,219,000,000","588,000,000","87,000,000","155,000,000"
1149000000,5965000000,22203000000,4151000000,11102000000,26422000000,1546214400,2000000,10665000000,2093000000,2745000000,-3909000000,2088000000,618900000,13296000000,1000000,-3909000000,588000000,14372000000,54000000,-5169000000,118100000,2873000000,1,5993000000,1943000000,AON,8171000000,561000000,68000000,156000000
1.15B,5.96B,22.2B,4.15B,11.1B,26.42B,2018-12-31,2M,10.66B,2.09B,2.75B,-3.91B,2.09B,618.9M,13.3B,1M,-3.91B,588M,14.37B,54M,-5.17B,118.1M,2.87B,1,5.99B,1.94B,AON,8.17B,561M,68M,156M
"1,149,000,000","5,965,000,000","22,203,000,000","4,151,000,000","11,102,000,000","26,422,000,000",,"2,000,000","10,665,000,000","2,093,000,000","2,745,000,000","-3,909,000,000","2,088,000,000","618,900,000","13,296,000,000","1,000,000","-3,909,000,000","588,000,000","14,372,000,000","54,000,000","-5,169,000,000","118,100,000","2,873,000,000",1,"5,993,000,000","1,943,000,000",AON,"8,171,000,000","561,000,000","68,000,000","156,000,000"
1260000000,5850000000,21274000000,4262000000,10302000000,25602000000,1538265600,2000000,9736000000,2042000000,2966000000,-3632000000,2066000000,484000000,12643000000,,-3632000000,594000000,13348000000,52000000,-5280000000,167000000,2852000000,1,5665000000,1600000000,AON,8282000000,476000000,66000000,150000000
1.26B,5.85B,21.27B,4.26B,10.3B,25.6B,2018-09-30,2M,9.74B,2.04B,2.97B,-3.63B,2.07B,484M,12.64B,,-3.63B,594M,13.35B,52M,-5.28B,167M,2.85B,1,5.67B,1.6B,AON,8.28B,476M,66M,150M
"1,260,000,000","5,850,000,000","21,274,000,000","4,262,000,000","10,302,000,000","25,602,000,000",,"2,000,000","9,736,000,000","2,042,000,000","2,966,000,000","-3,632,000,000","2,066,000,000","484,000,000","12,643,000,000",,"-3,632,000,000","594,000,000","13,348,000,000","52,000,000","-5,280,000,000","167,000,000","2,852,000,000",1,"5,665,000,000","1,600,000,000",AON,"8,282,000,000","476,000,000","66,000,000","150,000,000"
2008800000,3656500000,14252500000,4879400000,432300000,19200300000,1561852800,186100000,2440100000,1839300000,1148100000,-802500000,1526600000,512300000,8932500000,120300000,-802500000,826400000,9547400000,49200000,-2371300000,,6493500000,1,3844500000,6873800000,AJG,5241900000,905700000,68400000,
2.01B,3.66B,14.25B,4.88B,432.3M,19.2B,2019-06-30,186.1M,2.44B,1.84B,1.15B,-802.5M,1.53B,512.3M,8.93B,120.3M,-802.5M,826.4M,9.55B,49.2M,-2.37B,,6.49B,1,3.84B,6.87B,AJG,5.24B,905.7M,68.4M,
"2,008,800,000","3,656,500,000","14,252,500,000","4,879,400,000","432,300,000","19,200,300,000",,"186,100,000","2,440,100,000","1,839,300,000","1,148,100,000","-802,500,000","1,526,600,000","512,300,000","8,932,500,000","120,300,000","-802,500,000","826,400,000","9,547,400,000","49,200,000","-2,371,300,000",,"6,493,500,000",1,"3,844,500,000","6,873,800,000",AJG,"5,241,900,000","905,700,000","68,400,000",
1841400000,3606300000,13673200000,4880300000,404800000,18631400000,1553990400,185300000,2029500000,1810200000,1015100000,-721500000,1445700000,871500000,8637900000,129800000,-721500000,819000000,9669500000,54900000,-1762000000,,6673500000,1,3690300000,6741400000,AJG,4800900000,869900000,77900000,
1.84B,3.61B,13.67B,4.88B,404.8M,18.63B,2019-03-31,185.3M,2.03B,1.81B,1.02B,-721.5M,1.45B,871.5M,8.64B,129.8M,-721.5M,819M,9.67B,54.9M,-1.76B,,6.67B,1,3.69B,6.74B,AJG,4.8B,869.9M,77.9M,
"1,841,400,000","3,606,300,000","13,673,200,000","4,880,300,000","404,800,000","18,631,400,000",,"185,300,000","2,029,500,000","1,810,200,000","1,015,100,000","-721,500,000","1,445,700,000","871,500,000","8,637,900,000","129,800,000","-721,500,000","819,000,000","9,669,500,000","54,900,000","-1,762,000,000",,"6,673,500,000",1,"3,690,300,000","6,741,400,000",AJG,"4,800,900,000","869,900,000","77,900,000",
1773000000,3541900000,11764300000,4498900000,379300000,16334000000,1546214400,184000000,2037400000,1558600000,979300000,-785600000,1379800000,607200000,7693600000,100000000,-785600000,436900000,8118700000,,-1899700000,,5365900000,1,3091400000,5740200000,AJG,4625600000,806200000,70800000,
1.77B,3.54B,11.76B,4.5B,379.3M,16.33B,2018-12-31,184M,2.04B,1.56B,979.3M,-785.6M,1.38B,607.2M,7.69B,100M,-785.6M,436.9M,8.12B,,-1.9B,,5.37B,1,3.09B,5.74B,AJG,4.63B,806.2M,70.8M,
"1,773,000,000","3,541,900,000","11,764,300,000","4,498,900,000","379,300,000","16,334,000,000",,"184,000,000","2,037,400,000","1,558,600,000","979,300,000","-785,600,000","1,379,800,000","607,200,000","7,693,600,000","100,000,000","-785,600,000","436,900,000","8,118,700,000",,"-1,899,700,000",,"5,365,900,000",1,"3,091,400,000","5,740,200,000",AJG,"4,625,600,000","806,200,000","70,800,000",
1772100000,3516600000,11502000000,4544500000,401300000,16114700000,1538265600,183700000,2046300000,1517600000,938200000,-673400000,1262900000,605000000,7422600000,100000000,-673400000,429300000,8084000000,65100000,-1728900000,,5332800000,1,3141200000,5693600000,AJG,4501300000,743400000,68200000,
1.77B,3.52B,11.5B,4.54B,401.3M,16.11B,2018-09-30,183.7M,2.05B,1.52B,938.2M,-673.4M,1.26B,605M,7.42B,100M,-673.4M,429.3M,8.08B,65.1M,-1.73B,,5.33B,1,3.14B,5.69B,AJG,4.5B,743.4M,68.2M,
"1,772,100,000","3,516,600,000","11,502,000,000","4,544,500,000","401,300,000","16,114,700,000",,"183,700,000","2,046,300,000","1,517,600,000","938,200,000","-673,400,000","1,262,900,000","605,000,000","7,422,600,000","100,000,000","-673,400,000","429,300,000","8,084,000,000","65,100,000","-1,728,900,000",,"5,332,800,000",1,"3,141,200,000","5,693,600,000",AJG,"4,501,300,000","743,400,000","68,200,000",
11659000000,11757000000,120714000000,53802000000,16885000000,174516000000,1561852800,11121000000,16624000000,33878000000,12224000000,-2954000000,8573000000,1270000000,94169000000,113000000,139000000,601000000,35402000000,102981000000,32236000000,3808000000,10935000000,1,13679000000,74028000000,CB,15300000000,,,
11.66B,11.76B,120.71B,53.8B,16.89B,174.52B,2019-06-30,11.12B,16.62B,33.88B,12.22B,-2.95B,8.57B,1.27B,94.17B,113M,139M,601M,35.4B,102.98B,32.24B,3.81B,10.94B,1,13.68B,74.03B,CB,15.3B,,,
"11,659,000,000","11,757,000,000","120,714,000,000","53,802,000,000","16,885,000,000","174,516,000,000",,"11,121,000,000","16,624,000,000","33,878,000,000","12,224,000,000","-2,954,000,000","8,573,000,000","1,270,000,000","94,169,000,000","113,000,000","139,000,000","601,000,000","35,402,000,000","102,981,000,000","32,236,000,000","3,808,000,000","10,935,000,000",1,"13,679,000,000","74,028,000,000",CB,"15,300,000,000",,,
11388000000,12051000000,118992000000,52355000000,16376000000,171347000000,1553990400,11121000000,17354000000,32728000000,12159000000,-3545000000,8906000000,1271000000,93801000000,704000000,-770000000,608000000,34227000000,100890000000,30936000000,3078000000,9826000000,1,12379000000,73441000000,CB,15328000000,,,
11.39B,12.05B,118.99B,52.35B,16.38B,171.35B,2019-03-31,11.12B,17.35B,32.73B,12.16B,-3.54B,8.91B,1.27B,93.8B,704M,-770M,608M,34.23B,100.89B,30.94B,3.08B,9.83B,1,12.38B,73.44B,CB,15.33B,,,
"11,388,000,000","12,051,000,000","118,992,000,000","52,355,000,000","16,376,000,000","171,347,000,000",,"11,121,000,000","17,354,000,000","32,728,000,000","12,159,000,000","-3,545,000,000","8,906,000,000","1,271,000,000","93,801,000,000","704,000,000","-770,000,000","608,000,000","34,227,000,000","100,890,000,000","30,936,000,000","3,078,000,000","9,826,000,000",1,"12,379,000,000","73,441,000,000",CB,"15,328,000,000",,,
12344000000,12557000000,117459000000,50312000000,16022000000,167771000000,1546214400,11121000000,17772000000,31700000000,13685000000,-5066000000,6689000000,1247000000,91379000000,624000000,-2448000000,730000000,34654000000,98083000000,27928000000,3016000000,10075000000,1,12395000000,71389000000,CB,15271000000,,,
12.34B,12.56B,117.46B,50.31B,16.02B,167.77B,2018-12-31,11.12B,17.77B,31.7B,13.69B,-5.07B,6.69B,1.25B,91.38B,624M,-2.45B,730M,34.65B,98.08B,27.93B,3.02B,10.07B,1,12.39B,71.39B,CB,15.27B,,,
"12,344,000,000","12,557,000,000","117,459,000,000","50,312,000,000","16,022,000,000","167,771,000,000",,"11,121,000,000","17,772,000,000","31,700,000,000","13,685,000,000","-5,066,000,000","6,689,000,000","1,247,000,000","91,379,000,000","624,000,000","-2,448,000,000","730,000,000","34,654,000,000","98,083,000,000","27,928,000,000","3,016,000,000","10,075,000,000",1,"12,395,000,000","71,389,000,000",CB,"15,271,000,000",,,
11339000000,12853000000,116750000000,50934000000,15829000000,167684000000,1538265600,11121000000,16289000000,31491000000,12068000000,-4531000000,9085000000,1053000000,92225000000,500000000,-2159000000,,33588000000,98340000000,29463000000,3479000000,10193000000,1,12457000000,72339000000,CB,15332000000,,,
11.34B,12.85B,116.75B,50.93B,15.83B,167.68B,2018-09-30,11.12B,16.29B,31.49B,12.07B,-4.53B,9.09B,1.05B,92.22B,500M,-2.16B,,33.59B,98.34B,29.46B,3.48B,10.19B,1,12.46B,72.34B,CB,15.33B,,,
"11,339,000,000","12,853,000,000","116,750,000,000","50,934,000,000","15,829,000,000","167,684,000,000",,"11,121,000,000","16,289,000,000","31,491,000,000","12,068,000,000","-4,531,000,000","9,085,000,000","1,053,000,000","92,225,000,000","500,000,000","-2,159,000,000",,"33,588,000,000","98,340,000,000","29,463,000,000","3,479,000,000","10,193,000,000",1,"12,457,000,000","72,339,000,000",CB,"15,332,000,000",,,
836000000,1286000000,15206000000,9131000000,2896000000,24337000000,1561852800,397000000,790000000,8566000000,11426000000,-1118000000,1201000000,803000000,2933000000,,364000000,222000000,3652000000,18395000000,9050000000,,1989000000,1,788000000,,CINF,31000000,,,
836M,1.29B,15.21B,9.13B,2.9B,24.34B,2019-06-30,397M,790M,8.57B,11.43B,-1.12B,1.2B,803M,2.93B,,364M,222M,3.65B,18.39B,9.05B,,1.99B,1,788M,,CINF,31M,,,
"836,000,000","1,286,000,000","15,206,000,000","9,131,000,000","2,896,000,000","24,337,000,000",,"397,000,000","790,000,000","8,566,000,000","11,426,000,000","-1,118,000,000","1,201,000,000","803,000,000","2,933,000,000",,"364,000,000","222,000,000","3,652,000,000","18,395,000,000","9,050,000,000",,"1,989,000,000",1,"788,000,000",,CINF,"31,000,000",,,
751000000,1277000000,14722000000,8630000000,2717000000,23352000000,1553990400,397000000,798000000,8229000000,11128000000,-1273000000,1193000000,802000000,2749000000,,210000000,202000000,3507000000,17699000000,8630000000,,1857000000,1,788000000,,CINF,,,,
751M,1.28B,14.72B,8.63B,2.72B,23.35B,2019-03-31,397M,798M,8.23B,11.13B,-1.27B,1.19B,802M,2.75B,,210M,202M,3.51B,17.7B,8.63B,,1.86B,1,788M,,CINF,,,,
"751,000,000","1,277,000,000","14,722,000,000","8,630,000,000","2,717,000,000","23,352,000,000",,"397,000,000","798,000,000","8,229,000,000","11,128,000,000","-1,273,000,000","1,193,000,000","802,000,000","2,749,000,000",,"210,000,000","202,000,000","3,507,000,000","17,699,000,000","8,630,000,000",,"1,857,000,000",1,"788,000,000",,CINF,,,,
738000000,1281000000,14102000000,7833000000,2516000000,21935000000,1546214400,397000000,616000000,7625000000,8810000000,-1470000000,1174000000,784000000,4458000000,,22000000,195000000,3159000000,16669000000,7833000000,,1715000000,1,788000000,1910000000,CINF,,,,
738M,1.28B,14.1B,7.83B,2.52B,21.93B,2018-12-31,397M,616M,7.62B,8.81B,-1.47B,1.17B,784M,4.46B,,22M,195M,3.16B,16.67B,7.83B,,1.72B,1,788M,1.91B,CINF,,,,
"738,000,000","1,281,000,000","14,102,000,000","7,833,000,000","2,516,000,000","21,935,000,000",,"397,000,000","616,000,000","7,625,000,000","8,810,000,000","-1,470,000,000","1,174,000,000","784,000,000","4,458,000,000",,"22,000,000","195,000,000","3,159,000,000","16,669,000,000","7,833,000,000",,"1,715,000,000",1,"788,000,000","1,910,000,000",CINF,,,,
743000000,1273000000,14146000000,8334000000,2591000000,22480000000,1538265600,397000000,553000000,8164000000,10695000000,-1500000000,1153000000,616000000,2621000000,,-4000000,191000000,2991000000,17402000000,8334000000,,1778000000,1,787000000,,CINF,,,,
743M,1.27B,14.15B,8.33B,2.59B,22.48B,2018-09-30,397M,553M,8.16B,10.7B,-1.5B,1.15B,616M,2.62B,,-4M,191M,2.99B,17.4B,8.33B,,1.78B,1,787M,,CINF,,,,
"743,000,000","1,273,000,000","14,146,000,000","8,334,000,000","2,591,000,000","22,480,000,000",,"397,000,000","553,000,000","8,164,000,000","10,695,000,000","-1,500,000,000","1,153,000,000","616,000,000","2,621,000,000",,"-4,000,000","191,000,000","2,991,000,000","17,402,000,000","8,334,000,000",,"1,778,000,000",1,"787,000,000",,CINF,,,,
510861000,2198461000,17503631000,8884160000,2737750000,26387791000,1561852800,694000,1907139000,10152059000,13702854000,-3467054000,888642000,661367000,3097863000,,-44902000,62468000,6537937000,18387883000,8884160000,744602000,2748400000,1,633723000,357050000,RE,,,,
510.86M,2.2B,17.5B,8.88B,2.74B,26.39B,2019-06-30,694k,1.91B,10.15B,13.7B,-3.47B,888.64M,661.37M,3.1B,,-44.9M,62.47M,6.54B,18.39B,8.88B,744.6M,2.75B,1,633.72M,357.05M,RE,,,,
"510,861,000","2,198,461,000","17,503,631,000","8,884,160,000","2,737,750,000","26,387,791,000",,"694,000","1,907,139,000","10,152,059,000","13,702,854,000","-3,467,054,000","888,642,000","661,367,000","3,097,863,000",,"-44,902,000","62,468,000","6,537,937,000","18,387,883,000","8,884,160,000","744,602,000","2,748,400,000",1,"633,723,000","357,050,000",RE,,,,
528491000,2189544000,17203878000,8426629000,2675066000,25630507000,1553990400,694000,1890911000,9866203000,13516534000,-3629812000,692650000,583974000,2980147000,,-216111000,66430000,6300104000,18042832000,8426629000,597138000,2867945000,1,633668000,297566000,RE,,,,
528.49M,2.19B,17.2B,8.43B,2.68B,25.63B,2019-03-31,694k,1.89B,9.87B,13.52B,-3.63B,692.65M,583.97M,2.98B,,-216.11M,66.43M,6.3B,18.04B,8.43B,597.14M,2.87B,1,633.67M,297.57M,RE,,,,
"528,491,000","2,189,544,000","17,203,878,000","8,426,629,000","2,675,066,000","25,630,507,000",,"694,000","1,890,911,000","9,866,203,000","13,516,534,000","-3,629,812,000","692,650,000","583,974,000","2,980,147,000",,"-216,111,000","66,430,000","6,300,104,000","18,042,832,000","8,426,629,000","597,138,000","2,867,945,000",1,"633,668,000","297,566,000",RE,,,,
511573000,2188777000,16890195000,7903804000,2529570000,24793999000,1546214400,692000,1892267000,9574440000,9637143000,-3860105000,803082000,656095000,6619439000,,-462557000,,5943360000,17535984000,7903804000,240987000,2810668000,1,633613000,4078638000,RE,,,,
511.57M,2.19B,16.89B,7.9B,2.53B,24.79B,2018-12-31,692k,1.89B,9.57B,9.64B,-3.86B,803.08M,656.1M,6.62B,,-462.56M,,5.94B,17.54B,7.9B,240.99M,2.81B,1,633.61M,4.08B,RE,,,,
"511,573,000","2,188,777,000","16,890,195,000","7,903,804,000","2,529,570,000","24,793,999,000",,"692,000","1,892,267,000","9,574,440,000","9,637,143,000","-3,860,105,000","803,082,000","656,095,000","6,619,439,000",,"-462,557,000",,"5,943,360,000","17,535,984,000","7,903,804,000","240,987,000","2,810,668,000",1,"633,613,000","4,078,638,000",RE,,,,
460216000,2182594000,16081844000,8329013000,2358305000,24410857000,1538265600,692000,1841484000,10013592000,12774588000,-3867865000,705434000,639761000,2673698000,,-470317000,,5912181000,17333026000,8329013000,693111000,2363723000,1,633558000,307524000,RE,,,,
460.22M,2.18B,16.08B,8.33B,2.36B,24.41B,2018-09-30,692k,1.84B,10.01B,12.77B,-3.87B,705.43M,639.76M,2.67B,,-470.32M,,5.91B,17.33B,8.33B,693.11M,2.36B,1,633.56M,307.52M,RE,,,,
"460,216,000","2,182,594,000","16,081,844,000","8,329,013,000","2,358,305,000","24,410,857,000",,"692,000","1,841,484,000","10,013,592,000","12,774,588,000","-3,867,865,000","705,434,000","639,761,000","2,673,698,000",,"-470,317,000",,"5,912,181,000","17,333,026,000","8,329,013,000","693,111,000","2,363,723,000",1,"633,558,000","307,524,000",RE,,,,
4232717000,526518000,18155047000,6700398000,1418387000,24855445000,1561852800,121218000,247383000,5514517000,14774465000,538145000,1242125000,89319000,2027187000,8125000,1439250000,,836190000,18102822000,6258807000,74116000,425372000,1,1353395000,351347000,GL,441591000,,,
4.23B,526.52M,18.16B,6.7B,1.42B,24.86B,2019-06-30,121.22M,247.38M,5.51B,14.77B,538.14M,1.24B,89.32M,2.03B,8.12M,1.44B,,836.19M,18.1B,6.26B,74.12M,425.37M,1,1.35B,351.35M,GL,441.59M,,,
"4,232,717,000","526,518,000","18,155,047,000","6,700,398,000","1,418,387,000","24,855,445,000",,"121,218,000","247,383,000","5,514,517,000","14,774,465,000","538,145,000","1,242,125,000","89,319,000","2,027,187,000","8,125,000","1,439,250,000",,"836,190,000","18,102,822,000","6,258,807,000","74,116,000","425,372,000",1,"1,353,395,000","351,347,000",GL,"441,591,000",,,
4185231000,518529000,18090012000,6043426000,1343847000,24133438000,1553990400,121218000,323705000,5364820000,14738892000,38859000,1224890000,67342000,1995519000,7500000,870067000,,936416000,17345310000,5601835000,125759000,419610000,1,1355601000,357294000,GL,441591000,,,
4.19B,518.53M,18.09B,6.04B,1.34B,24.13B,2019-03-31,121.22M,323.7M,5.36B,14.74B,38.86M,1.22B,67.34M,2B,7.5M,870.07M,,936.42M,17.35B,5.6B,125.76M,419.61M,1,1.36B,357.29M,GL,441.59M,,,
"4,185,231,000","518,529,000","18,090,012,000","6,043,426,000","1,343,847,000","24,133,438,000",,"121,218,000","323,705,000","5,364,820,000","14,738,892,000","38,859,000","1,224,890,000","67,342,000","1,995,519,000","7,500,000","870,067,000",,"936,416,000","17,345,310,000","5,601,835,000","125,759,000","419,610,000",1,"1,355,601,000","357,294,000",GL,"441,591,000",,,
4137925000,524414000,17680545000,5415177000,113671000,23095722000,1546214400,121218000,311580000,5213468000,15551015000,-443923000,835231000,121026000,772345000,6875000,319475000,135000000,911051000,16634924000,4973586000,63288000,415157000,1,1357185000,350826000,GL,441591000,,,
4.14B,524.41M,17.68B,5.42B,113.67M,23.1B,2018-12-31,121.22M,311.58M,5.21B,15.55B,-443.92M,835.23M,121.03M,772.35M,6.88M,319.48M,135M,911.05M,16.63B,4.97B,63.29M,415.16M,1,1.36B,350.83M,GL,441.59M,,,
"4,137,925,000","524,414,000","17,680,545,000","5,415,177,000","113,671,000","23,095,722,000",,"121,218,000","311,580,000","5,213,468,000","15,551,015,000","-443,923,000","835,231,000","121,026,000","772,345,000","6,875,000","319,475,000","135,000,000","911,051,000","16,634,924,000","4,973,586,000","63,288,000","415,157,000",1,"1,357,185,000","350,826,000",GL,"441,591,000",,,
4091601000,527489000,17930583000,5538905000,1185217000,23469488000,1538265600,124218000,313422000,5267964000,14433427000,-380766000,1082376000,77439000,2138209000,298515000,477624000,,1431258000,16422662000,5097314000,633490000,406907000,1,1358947000,337981000,GL,441591000,,,
4.09B,527.49M,17.93B,5.54B,1.19B,23.47B,2018-09-30,124.22M,313.42M,5.27B,14.43B,-380.77M,1.08B,77.44M,2.14B,298.51M,477.62M,,1.43B,16.42B,5.1B,633.49M,406.91M,1,1.36B,337.98M,GL,441.59M,,,
"4,091,601,000","527,489,000","17,930,583,000","5,538,905,000","1,185,217,000","23,469,488,000",,"124,218,000","313,422,000","5,267,964,000","14,433,427,000","-380,766,000","1,082,376,000","77,439,000","2,138,209,000","298,515,000","477,624,000",,"1,431,258,000","16,422,662,000","5,097,314,000","633,490,000","406,907,000",1,"1,358,947,000","337,981,000",GL,"441,591,000",,,
1913000000,4300000000,54180000000,14958000000,6852000000,69472000000,1561852800,4000000,6296000000,11836000000,42335000000,-1182000000,6187000000,226000000,7569000000,563000000,-198000000,1222000000,13613000000,44624000000,11854000000,2364000000,4726000000,1,4050000000,,HIG,1913000000,615000000,,
1.91B,4.3B,54.18B,14.96B,6.85B,69.47B,2019-06-30,4M,6.3B,11.84B,42.34B,-1.18B,6.19B,226M,7.57B,563M,-198M,1.22B,13.61B,44.62B,11.85B,2.36B,4.73B,1,4.05B,,HIG,1.91B,615M,,
"1,913,000,000","4,300,000,000","54,180,000,000","14,958,000,000","6,852,000,000","69,472,000,000",,"4,000,000","6,296,000,000","11,836,000,000","42,335,000,000","-1,182,000,000","6,187,000,000","226,000,000","7,569,000,000","563,000,000","-198,000,000","1,222,000,000","13,613,000,000","44,624,000,000","11,854,000,000","2,364,000,000","4,726,000,000",1,"4,050,000,000",,HIG,"1,913,000,000","615,000,000",,
1332000000,4329000000,48984000000,14006000000,5508000000,63324000000,1553990400,4000000,5203000000,11572000000,38687000000,-1899000000,6003000000,104000000,6363000000,555000000,-885000000,1145000000,13671000000,39883000000,12072000000,4203000000,4160000000,1,3767000000,,HIG,1290000000,921000000,,
1.33B,4.33B,48.98B,14.01B,5.51B,63.32B,2019-03-31,4M,5.2B,11.57B,38.69B,-1.9B,6B,104M,6.36B,555M,-885M,1.15B,13.67B,39.88B,12.07B,4.2B,4.16B,1,3.77B,,HIG,1.29B,921M,,
"1,332,000,000","4,329,000,000","48,984,000,000","14,006,000,000","5,508,000,000","63,324,000,000",,"4,000,000","5,203,000,000","11,572,000,000","38,687,000,000","-1,899,000,000","6,003,000,000","104,000,000","6,363,000,000","555,000,000","-885,000,000","1,145,000,000","13,671,000,000","39,883,000,000","12,072,000,000","4,203,000,000","4,160,000,000",1,"3,767,000,000",,HIG,"1,290,000,000","921,000,000",,
1327000000,4378000000,49206000000,12767000000,5297000000,62307000000,1546214400,4000000,5204000000,11055000000,39097000000,-2670000000,6438000000,121000000,5844000000,475000000,-1579000000,1006000000,13606000000,38640000000,10820000000,4283000000,3997000000,1,4265000000,,HIG,1290000000,1248000000,,
1.33B,4.38B,49.21B,12.77B,5.3B,62.31B,2018-12-31,4M,5.2B,11.05B,39.1B,-2.67B,6.44B,121M,5.84B,475M,-1.58B,1.01B,13.61B,38.64B,10.82B,4.28B,4B,1,4.26B,,HIG,1.29B,1.25B,,
"1,327,000,000","4,378,000,000","49,206,000,000","12,767,000,000","5,297,000,000","62,307,000,000",,"4,000,000","5,204,000,000","11,055,000,000","39,097,000,000","-2,670,000,000","6,438,000,000","121,000,000","5,844,000,000","475,000,000","-1,579,000,000","1,006,000,000","13,606,000,000","38,640,000,000","10,820,000,000","4,283,000,000","3,997,000,000",1,"4,265,000,000",,HIG,"1,290,000,000","1,248,000,000",,
1321000000,4385000000,48708000000,12729000000,5411000000,61437000000,1538265600,4000000,4739000000,10973000000,38403000000,-2633000000,6524000000,102000000,6042000000,464000000,-1519000000,997000000,12451000000,38854000000,10788000000,3540000000,4070000000,1,4263000000,,HIG,1290000000,1244000000,,
1.32B,4.38B,48.71B,12.73B,5.41B,61.44B,2018-09-30,4M,4.74B,10.97B,38.4B,-2.63B,6.52B,102M,6.04B,464M,-1.52B,997M,12.45B,38.85B,10.79B,3.54B,4.07B,1,4.26B,,HIG,1.29B,1.24B,,
"1,321,000,000","4,385,000,000","48,708,000,000","12,729,000,000","5,411,000,000","61,437,000,000",,"4,000,000","4,739,000,000","10,973,000,000","38,403,000,000","-2,633,000,000","6,524,000,000","102,000,000","6,042,000,000","464,000,000","-1,519,000,000","997,000,000","12,451,000,000","38,854,000,000","10,788,000,000","3,540,000,000","4,070,000,000",1,"4,263,000,000",,HIG,"1,290,000,000","1,244,000,000",,
3083000000,736000000,23779000000,8065000000,397000000,32116000000,1561852800,561000000,404000000,14741000000,3957000000,-7973000000,3530000000,1294000000,6382000000,814000000,-4527000000,2815000000,7526000000,683000000,-9497000000,,5828000000,1,11459000000,2600000000,MMC,14479000000,628000000,272000000,
3.08B,736M,23.78B,8.06B,397M,32.12B,2019-06-30,561M,404M,14.74B,3.96B,-7.97B,3.53B,1.29B,6.38B,814M,-4.53B,2.81B,7.53B,683M,-9.5B,,5.83B,1,11.46B,2.6B,MMC,14.48B,628M,272M,
"3,083,000,000","736,000,000","23,779,000,000","8,065,000,000","397,000,000","32,116,000,000",,"561,000,000","404,000,000","14,741,000,000","3,957,000,000","-7,973,000,000","3,530,000,000","1,294,000,000","6,382,000,000","814,000,000","-4,527,000,000","2,815,000,000","7,526,000,000","683,000,000","-9,497,000,000",,"5,828,000,000",1,"11,459,000,000","2,600,000,000",MMC,"14,479,000,000","628,000,000","272,000,000",
1464000000,681000000,22151000000,7909000000,750000000,30137000000,1553990400,561000000,6730000000,14642000000,3350000000,-7975000000,3272000000,1117000000,5739000000,814000000,-4590000000,2341000000,12675000000,646000000,-3294000000,,4828000000,1,11472000000,2244000000,MMC,9739000000,680000000,77000000,
1.46B,681M,22.15B,7.91B,750M,30.14B,2019-03-31,561M,6.73B,14.64B,3.35B,-7.97B,3.27B,1.12B,5.74B,814M,-4.59B,2.34B,12.68B,646M,-3.29B,,4.83B,1,11.47B,2.24B,MMC,9.74B,680M,77M,
"1,464,000,000","681,000,000","22,151,000,000","7,909,000,000","750,000,000","30,137,000,000",,"561,000,000","6,730,000,000","14,642,000,000","3,350,000,000","-7,975,000,000","3,272,000,000","1,117,000,000","5,739,000,000","814,000,000","-4,590,000,000","2,341,000,000","12,675,000,000","646,000,000","-3,294,000,000",,"4,828,000,000",1,"11,472,000,000","2,244,000,000",MMC,"9,739,000,000","680,000,000","77,000,000",
1872000000,817000000,13994000000,7511000000,598000000,21578000000,1546214400,561000000,439000000,14347000000,3560000000,-8214000000,2811000000,1066000000,4924000000,314000000,-4647000000,701000000,5934000000,661000000,-3960000000,,4429000000,1,5510000000,2234000000,MMC,9599000000,680000000,73000000,
1.87B,817M,13.99B,7.51B,598M,21.58B,2018-12-31,561M,439M,14.35B,3.56B,-8.21B,2.81B,1.07B,4.92B,314M,-4.65B,701M,5.93B,661M,-3.96B,,4.43B,1,5.51B,2.23B,MMC,9.6B,680M,73M,
"1,872,000,000","817,000,000","13,994,000,000","7,511,000,000","598,000,000","21,578,000,000",,"561,000,000","439,000,000","14,347,000,000","3,560,000,000","-8,214,000,000","2,811,000,000","1,066,000,000","4,924,000,000","314,000,000","-4,647,000,000","701,000,000","5,934,000,000","661,000,000","-3,960,000,000",,"4,429,000,000",1,"5,510,000,000","2,234,000,000",MMC,"9,599,000,000","680,000,000","73,000,000",
1329000000,771000000,13591000000,7453000000,490000000,21129000000,1538265600,561000000,400000000,14196000000,3352000000,-8075000000,3116000000,951000000,4727000000,563000000,-4488000000,707000000,5966000000,576000000,-3311000000,,4615000000,1,5512000000,2193000000,MMC,9435000000,497000000,85000000,
1.33B,771M,13.59B,7.45B,490M,21.13B,2018-09-30,561M,400M,14.2B,3.35B,-8.07B,3.12B,951M,4.73B,563M,-4.49B,707M,5.97B,576M,-3.31B,,4.62B,1,5.51B,2.19B,MMC,9.44B,497M,85M,
"1,329,000,000","771,000,000","13,591,000,000","7,453,000,000","490,000,000","21,129,000,000",,"561,000,000","400,000,000","14,196,000,000","3,352,000,000","-8,075,000,000","3,116,000,000","951,000,000","4,727,000,000","563,000,000","-4,488,000,000","707,000,000","5,966,000,000","576,000,000","-3,311,000,000",,"4,615,000,000",1,"5,512,000,000","2,193,000,000",MMC,"9,435,000,000","497,000,000","85,000,000",
17880000000,32602000000,668121000000,63811000000,8392000000,732167000000,1561852800,12000000,8870000000,31209000000,541196000000,-12000000,300211000000,18435000000,54944000000,201000000,11631000000,1494000000,58529000000,344645000000,54403000000,2811000000,21764000000,1,70321000000,20839000000,MET,9408000000,,235000000,
17.88B,32.6B,668.12B,63.81B,8.39B,732.17B,2019-06-30,12M,8.87B,31.21B,541.2B,-12M,300.21B,18.43B,54.94B,201M,11.63B,1.49B,58.53B,344.64B,54.4B,2.81B,21.76B,1,70.32B,20.84B,MET,9.41B,,235M,
"17,880,000,000","32,602,000,000","668,121,000,000","63,811,000,000","8,392,000,000","732,167,000,000",,"12,000,000","8,870,000,000","31,209,000,000","541,196,000,000","-12,000,000","300,211,000,000","18,435,000,000","54,944,000,000","201,000,000","11,631,000,000","1,494,000,000","58,529,000,000","344,645,000,000","54,403,000,000","2,811,000,000","21,764,000,000",1,"70,321,000,000","20,839,000,000",MET,"9,408,000,000",,"235,000,000",
18349000000,32535000000,654450000000,58509000000,10190000000,713188000000,1553990400,12000000,8312000000,29944000000,530436000000,-3982000000,294989000000,14506000000,53395000000,285000000,6911000000,1521000000,54594000000,334317000000,49091000000,4524000000,21823000000,1,68946000000,17547000000,MET,9418000000,,229000000,
18.35B,32.53B,654.45B,58.51B,10.19B,713.19B,2019-03-31,12M,8.31B,29.94B,530.44B,-3.98B,294.99B,14.51B,53.4B,285M,6.91B,1.52B,54.59B,334.32B,49.09B,4.52B,21.82B,1,68.95B,17.55B,MET,9.42B,,229M,
"18,349,000,000","32,535,000,000","654,450,000,000","58,509,000,000","10,190,000,000","713,188,000,000",,"12,000,000","8,312,000,000","29,944,000,000","530,436,000,000","-3,982,000,000","294,989,000,000","14,506,000,000","53,395,000,000","285,000,000","6,911,000,000","1,521,000,000","54,594,000,000","334,317,000,000","49,091,000,000","4,524,000,000","21,823,000,000",1,"68,946,000,000","17,547,000,000",MET,"9,418,000,000",,"229,000,000",
20179000000,32474000000,634580000000,52741000000,4984000000,687538000000,1546214400,12000000,9058000000,28926000000,518189000000,-8671000000,278416000000,15821000000,49355000000,415000000,1722000000,1400000000,54754000000,323367000000,42035000000,3937000000,21095000000,1,67032000000,18893000000,MET,9422000000,,217000000,210000000
20.18B,32.47B,634.58B,52.74B,4.98B,687.54B,2018-12-31,12M,9.06B,28.93B,518.19B,-8.67B,278.42B,15.82B,49.35B,415M,1.72B,1.4B,54.75B,323.37B,42.03B,3.94B,21.09B,1,67.03B,18.89B,MET,9.42B,,217M,210M
"20,179,000,000","32,474,000,000","634,580,000,000","52,741,000,000","4,984,000,000","687,538,000,000",,"12,000,000","9,058,000,000","28,926,000,000","518,189,000,000","-8,671,000,000","278,416,000,000","15,821,000,000","49,355,000,000","415,000,000","1,722,000,000","1,400,000,000","54,754,000,000","323,367,000,000","42,035,000,000","3,937,000,000","21,095,000,000",1,"67,032,000,000","18,893,000,000",MET,"9,422,000,000",,"217,000,000","210,000,000"
19160000000,32475000000,646642000000,51625000000,4958000000,698451000000,1538265600,12000000,8901000000,27331000000,527082000000,-8193000000,287305000000,12490000000,50933000000,647000000,1000000000,,52079000000,330467000000,42185000000,5231000000,21410000000,1,68627000000,18963000000,MET,9440000000,,184000000,
19.16B,32.48B,646.64B,51.62B,4.96B,698.45B,2018-09-30,12M,8.9B,27.33B,527.08B,-8.19B,287.31B,12.49B,50.93B,647M,1B,,52.08B,330.47B,42.19B,5.23B,21.41B,1,68.63B,18.96B,MET,9.44B,,184M,
"19,160,000,000","32,475,000,000","646,642,000,000","51,625,000,000","4,958,000,000","698,451,000,000",,"12,000,000","8,901,000,000","27,331,000,000","527,082,000,000","-8,193,000,000","287,305,000,000","12,490,000,000","50,933,000,000","647,000,000","1,000,000,000",,"52,079,000,000","330,467,000,000","42,185,000,000","5,231,000,000","21,410,000,000",1,"68,627,000,000","18,963,000,000",MET,"9,440,000,000",,"184,000,000",
4820200000,10130700000,253511500000,14034700000,360000000,267918000000,1561852800,4800000,756400000,10805800000,246724400000,-6906600000,182980800000,3315900000,2787300000,41700000,647700000,959500000,7366100000,70679900000,11622500000,,2408100000,1,3762400000,2308800000,PFG,1111500000,,371800000,147400000
4.82B,10.13B,253.51B,14.03B,360M,267.92B,2019-06-30,4.8M,756.4M,10.81B,246.72B,-6.91B,182.98B,3.32B,2.79B,41.7M,647.7M,959.5M,7.37B,70.68B,11.62B,,2.41B,1,3.76B,2.31B,PFG,1.11B,,371.8M,147.4M
"4,820,200,000","10,130,700,000","253,511,500,000","14,034,700,000","360,000,000","267,918,000,000",,"4,800,000","756,400,000","10,805,800,000","246,724,400,000","-6,906,600,000","182,980,800,000","3,315,900,000","2,787,300,000","41,700,000","647,700,000","959,500,000","7,366,100,000","70,679,900,000","11,622,500,000",,"2,408,100,000",1,"3,762,400,000","2,308,800,000",PFG,"1,111,500,000",,"371,800,000","147,400,000"
4926800000,10090800000,246120000000,12694400000,290500000,259419900000,1553990400,4800000,761900000,10571900000,240002400000,-7973100000,177457700000,2259700000,2646100000,35700000,-418900000,933200000,6320100000,68671500000,10273500000,,2492000000,1,3266400000,2276000000,PFG,1110600000,,605500000,142600000
4.93B,10.09B,246.12B,12.69B,290.5M,259.42B,2019-03-31,4.8M,761.9M,10.57B,240B,-7.97B,177.46B,2.26B,2.65B,35.7M,-418.9M,933.2M,6.32B,68.67B,10.27B,,2.49B,1,3.27B,2.28B,PFG,1.11B,,605.5M,142.6M
"4,926,800,000","10,090,800,000","246,120,000,000","12,694,400,000","290,500,000","259,419,900,000",,"4,800,000","761,900,000","10,571,900,000","240,002,400,000","-7,973,100,000","177,457,700,000","2,259,700,000","2,646,100,000","35,700,000","-418,900,000","933,200,000","6,320,100,000","68,671,500,000","10,273,500,000",,"2,492,000,000",1,"3,266,400,000","2,276,000,000",PFG,"1,110,600,000",,"605,500,000","142,600,000"
5008600000,10060700000,231188900000,11390000000,445400000,243036100000,1546214400,4800000,1653400000,10290200000,225149600000,-8965700000,164544400000,2977500000,2806400000,65400000,-1565100000,767300000,6880600000,64735200000,8974900000,,1505600000,1,3232900000,2252700000,PFG,1100000000,,457200000,137600000
5.01B,10.06B,231.19B,11.39B,445.4M,243.04B,2018-12-31,4.8M,1.65B,10.29B,225.15B,-8.97B,164.54B,2.98B,2.81B,65.4M,-1.57B,767.3M,6.88B,64.74B,8.97B,,1.51B,1,3.23B,2.25B,PFG,1.1B,,457.2M,137.6M
"5,008,600,000","10,060,700,000","231,188,900,000","11,390,000,000","445,400,000","243,036,100,000",,"4,800,000","1,653,400,000","10,290,200,000","225,149,600,000","-8,965,700,000","164,544,400,000","2,977,500,000","2,806,400,000","65,400,000","-1,565,100,000","767,300,000","6,880,600,000","64,735,200,000","8,974,900,000",,"1,505,600,000",1,"3,232,900,000","2,252,700,000",PFG,"1,100,000,000",,"457,200,000","137,600,000"
5025800000,10026200000,246841100000,11700800000,384000000,258758300000,1538265600,4800000,758400000,10207900000,240909500000,-8538100000,180148000000,2926700000,2686100000,53700000,-1347600000,770600000,6829300000,64855900000,9218200000,,2414700000,1,3245500000,2212300000,PFG,1128700000,,216400000,141400000
5.03B,10.03B,246.84B,11.7B,384M,258.76B,2018-09-30,4.8M,758.4M,10.21B,240.91B,-8.54B,180.15B,2.93B,2.69B,53.7M,-1.35B,770.6M,6.83B,64.86B,9.22B,,2.41B,1,3.25B,2.21B,PFG,1.13B,,216.4M,141.4M
"5,025,800,000","10,026,200,000","246,841,100,000","11,700,800,000","384,000,000","258,758,300,000",,"4,800,000","758,400,000","10,207,900,000","240,909,500,000","-8,538,100,000","180,148,000,000","2,926,700,000","2,686,100,000","53,700,000","-1,347,600,000","770,600,000","6,829,300,000","64,855,900,000","9,218,200,000",,"2,414,700,000",1,"3,245,500,000","2,212,300,000",PFG,"1,128,700,000",,"216,400,000","141,400,000"
1306100000,1523300000,37773300000,12836900000,11947000000,51324200000,1561852800,584100000,3297200000,10276400000,438000000,453100000,492600000,91900000,32725100000,,453100000,1364000000,12255100000,35453700000,12125500000,1360900000,7167100000,1,4406000000,20778100000,PGR,452700000,,220100000,
1.31B,1.52B,37.77B,12.84B,11.95B,51.32B,2019-06-30,584.1M,3.3B,10.28B,438M,453.1M,492.6M,91.9M,32.73B,,453.1M,1.36B,12.26B,35.45B,12.13B,1.36B,7.17B,1,4.41B,20.78B,PGR,452.7M,,220.1M,
"1,306,100,000","1,523,300,000","37,773,300,000","12,836,900,000","11,947,000,000","51,324,200,000",,"584,100,000","3,297,200,000","10,276,400,000","438,000,000","453,100,000","492,600,000","91,900,000","32,725,100,000",,"453,100,000","1,364,000,000","12,255,100,000","35,453,700,000","12,125,500,000","1,360,900,000","7,167,100,000",1,"4,406,000,000","20,778,100,000",PGR,"452,700,000",,"220,100,000",
1275800000,1496600000,36518400000,11616800000,12083900000,48850300000,1553990400,584000000,3068200000,9358100000,38500000,178100000,417700000,158000000,31863100000,,178100000,1328900000,13447400000,31927800000,10887400000,2584700000,7189800000,1,4405400000,19779200000,PGR,452700000,,221200000,
1.28B,1.5B,36.52B,11.62B,12.08B,48.85B,2019-03-31,584M,3.07B,9.36B,38.5M,178.1M,417.7M,158M,31.86B,,178.1M,1.33B,13.45B,31.93B,10.89B,2.58B,7.19B,1,4.41B,19.78B,PGR,452.7M,,221.2M,
"1,275,800,000","1,496,600,000","36,518,400,000","11,616,800,000","12,083,900,000","48,850,300,000",,"584,000,000","3,068,200,000","9,358,100,000","38,500,000","178,100,000","417,700,000","158,000,000","31,863,100,000",,"178,100,000","1,328,900,000","13,447,400,000","31,927,800,000","10,887,400,000","2,584,700,000","7,189,800,000",1,"4,405,400,000","19,779,200,000",PGR,"452,700,000",,"221,200,000",
1246200000,1479000000,35538700000,10327900000,12736600000,46575000000,1546214400,583200000,2931700000,8386600000,8082200000,-120900000,369000000,69500000,23051600000,,-120900000,1131700000,11603900000,31771500000,9580600000,1795900000,6497100000,1,4404900000,10250900000,PGR,452700000,43200000,214500000,
1.25B,1.48B,35.54B,10.33B,12.74B,46.58B,2018-12-31,583.2M,2.93B,8.39B,8.08B,-120.9M,369M,69.5M,23.05B,,-120.9M,1.13B,11.6B,31.77B,9.58B,1.8B,6.5B,1,4.4B,10.25B,PGR,452.7M,43.2M,214.5M,
"1,246,200,000","1,479,000,000","35,538,700,000","10,327,900,000","12,736,600,000","46,575,000,000",,"583,200,000","2,931,700,000","8,386,600,000","8,082,200,000","-120,900,000","369,000,000","69,500,000","23,051,600,000",,"-120,900,000","1,131,700,000","11,603,900,000","31,771,500,000","9,580,600,000","1,795,900,000","6,497,100,000",1,"4,404,900,000","10,250,900,000",PGR,"452,700,000","43,200,000","214,500,000",
1275300000,1443400000,33467500000,11364900000,11074800000,45543700000,1538265600,583100000,2671300000,9602100000,58700000,-263700000,376400000,121900000,29548900000,,-263700000,1139300000,12759100000,29540900000,10599600000,2809700000,6776600000,1,3859900000,18474100000,PGR,452700000,,217400000,
1.28B,1.44B,33.47B,11.36B,11.07B,45.54B,2018-09-30,583.1M,2.67B,9.6B,58.7M,-263.7M,376.4M,121.9M,29.55B,,-263.7M,1.14B,12.76B,29.54B,10.6B,2.81B,6.78B,1,3.86B,18.47B,PGR,452.7M,,217.4M,
"1,275,300,000","1,443,400,000","33,467,500,000","11,364,900,000","11,074,800,000","45,543,700,000",,"583,100,000","2,671,300,000","9,602,100,000","58,700,000","-263,700,000","376,400,000","121,900,000","29,548,900,000",,"-263,700,000","1,139,300,000","12,759,100,000","29,540,900,000","10,599,600,000","2,809,700,000","6,776,600,000",1,"3,859,900,000","18,474,100,000",PGR,"452,700,000",,"217,400,000",
20767000000,24825000000,811672000000,61660000000,24765000000,873825000000,1561852800,6000000,4557000000,31263000000,744038000000,5566000000,397548000000,15421000000,47958000000,1756000000,23982000000,561000000,29976000000,424973000000,61660000000,6243000000,,1,19087000000,6558000000,PRU,,,493000000,
20.77B,24.82B,811.67B,61.66B,24.77B,873.83B,2019-06-30,6M,4.56B,31.26B,744.04B,5.57B,397.55B,15.42B,47.96B,1.76B,23.98B,561M,29.98B,424.97B,61.66B,6.24B,,1,19.09B,6.56B,PRU,,,493M,
"20,767,000,000","24,825,000,000","811,672,000,000","61,660,000,000","24,765,000,000","873,825,000,000",,"6,000,000","4,557,000,000","31,263,000,000","744,038,000,000","5,566,000,000","397,548,000,000","15,421,000,000","47,958,000,000","1,756,000,000","23,982,000,000","561,000,000","29,976,000,000","424,973,000,000","61,660,000,000","6,243,000,000",,1,"19,087,000,000","6,558,000,000",PRU,,,"493,000,000",
21553000000,24782000000,793874000000,55010000000,20489000000,849324000000,1553990400,6000000,4407000000,30966000000,731425000000,-744000000,390256000000,14699000000,42364000000,1740000000,17218000000,527000000,29820000000,407168000000,55010000000,7279000000,,1,19534000000,5360000000,PRU,,,440000000,
21.55B,24.78B,793.87B,55.01B,20.49B,849.32B,2019-03-31,6M,4.41B,30.97B,731.42B,-744M,390.26B,14.7B,42.36B,1.74B,17.22B,527M,29.82B,407.17B,55.01B,7.28B,,1,19.53B,5.36B,PRU,,,440M,
"21,553,000,000","24,782,000,000","793,874,000,000","55,010,000,000","20,489,000,000","849,324,000,000",,"6,000,000","4,407,000,000","30,966,000,000","731,425,000,000","-744,000,000","390,256,000,000","14,699,000,000","42,364,000,000","1,740,000,000","17,218,000,000","527,000,000","29,820,000,000","407,168,000,000","55,010,000,000","7,279,000,000",,1,"19,534,000,000","5,360,000,000",PRU,,,"440,000,000",
22256000000,24828000000,766047000000,48617000000,8063000000,815078000000,1546214400,6000000,9611000000,30470000000,693563000000,-6687000000,361888000000,15353000000,54151000000,1656000000,10906000000,,34891000000,395180000000,47672000000,6684000000,,1,18333000000,29758000000,PRU,863000000,,414000000,1024000000
22.26B,24.83B,766.05B,48.62B,8.06B,815.08B,2018-12-31,6M,9.61B,30.47B,693.56B,-6.69B,361.89B,15.35B,54.15B,1.66B,10.91B,,34.89B,395.18B,47.67B,6.68B,,1,18.33B,29.76B,PRU,863M,,414M,1.02B
"22,256,000,000","24,828,000,000","766,047,000,000","48,617,000,000","8,063,000,000","815,078,000,000",,"6,000,000","9,611,000,000","30,470,000,000","693,563,000,000","-6,687,000,000","361,888,000,000","15,353,000,000","54,151,000,000","1,656,000,000","10,906,000,000",,"34,891,000,000","395,180,000,000","47,672,000,000","6,684,000,000",,1,"18,333,000,000","29,758,000,000",PRU,"863,000,000",,"414,000,000","1,024,000,000"
21751000000,24810000000,775666000000,46725000000,12931000000,822748000000,1538265600,6000000,4131000000,30005000000,723647000000,-8096000000,393770000000,12466000000,33668000000,1649000000,9150000000,,25641000000,381586000000,46725000000,5961000000,,1,18351000000,4512000000,PRU,,,357000000,
21.75B,24.81B,775.67B,46.73B,12.93B,822.75B,2018-09-30,6M,4.13B,30B,723.65B,-8.1B,393.77B,12.47B,33.67B,1.65B,9.15B,,25.64B,381.59B,46.73B,5.96B,,1,18.35B,4.51B,PRU,,,357M,
"21,751,000,000","24,810,000,000","775,666,000,000","46,725,000,000","12,931,000,000","822,748,000,000",,"6,000,000","4,131,000,000","30,005,000,000","723,647,000,000","-8,096,000,000","393,770,000,000","12,466,000,000","33,668,000,000","1,649,000,000","9,150,000,000",,"25,641,000,000","381,586,000,000","46,725,000,000","5,961,000,000",,1,"18,351,000,000","4,512,000,000",PRU,,,"357,000,000",
2616000000,,83251000000,25321000000,14545000000,108572000000,1561852800,23372000000,13625000000,36135000000,10089000000,-34186000000,5144000000,416000000,66309000000,,206000000,,25825000000,71044000000,21043000000,3487000000,8297000000,1,6458000000,51664000000,TRV,3943000000,,,
2.62B,,83.25B,25.32B,14.54B,108.57B,2019-06-30,23.37B,13.62B,36.13B,10.09B,-34.19B,5.14B,416M,66.31B,,206M,,25.82B,71.04B,21.04B,3.49B,8.3B,1,6.46B,51.66B,TRV,3.94B,,,
"2,616,000,000",,"83,251,000,000","25,321,000,000","14,545,000,000","108,572,000,000",,"23,372,000,000","13,625,000,000","36,135,000,000","10,089,000,000","-34,186,000,000","5,144,000,000","416,000,000","66,309,000,000",,"206,000,000",,"25,825,000,000","71,044,000,000","21,043,000,000","3,487,000,000","8,297,000,000",1,"6,458,000,000","51,664,000,000",TRV,"3,943,000,000",,,
2531000000,,82906000000,24340000000,14132000000,107246000000,1553990400,23243000000,13683000000,35795000000,9980000000,-34698000000,4911000000,357000000,65585000000,,-682000000,320000000,26081000000,69454000000,20050000000,4094000000,7947000000,1,6957000000,51353000000,TRV,3949000000,115000000,,
2.53B,,82.91B,24.34B,14.13B,107.25B,2019-03-31,23.24B,13.68B,35.8B,9.98B,-34.7B,4.91B,357M,65.58B,,-682M,320M,26.08B,69.45B,20.05B,4.09B,7.95B,1,6.96B,51.35B,TRV,3.95B,115M,,
"2,531,000,000",,"82,906,000,000","24,340,000,000","14,132,000,000","107,246,000,000",,"23,243,000,000","13,683,000,000","35,795,000,000","9,980,000,000","-34,698,000,000","4,911,000,000","357,000,000","65,585,000,000",,"-682,000,000","320,000,000","26,081,000,000","69,454,000,000","20,050,000,000","4,094,000,000","7,947,000,000",1,"6,957,000,000","51,353,000,000",TRV,"3,949,000,000","115,000,000",,
2465000000,,81339000000,22894000000,14860000000,104233000000,1546214400,23144000000,13779000000,35204000000,8858000000,-35454000000,4789000000,373000000,66017000000,100000000,-1859000000,,25655000000,67387000000,18612000000,3985000000,7518000000,1,6464000000,51057000000,TRV,3937000000,445000000,,
2.46B,,81.34B,22.89B,14.86B,104.23B,2018-12-31,23.14B,13.78B,35.2B,8.86B,-35.45B,4.79B,373M,66.02B,100M,-1.86B,,25.66B,67.39B,18.61B,3.98B,7.52B,1,6.46B,51.06B,TRV,3.94B,445M,,
"2,465,000,000",,"81,339,000,000","22,894,000,000","14,860,000,000","104,233,000,000",,"23,144,000,000","13,779,000,000","35,204,000,000","8,858,000,000","-35,454,000,000","4,789,000,000","373,000,000","66,017,000,000","100,000,000","-1,859,000,000",,"25,655,000,000","67,387,000,000","18,612,000,000","3,985,000,000","7,518,000,000",1,"6,464,000,000","51,057,000,000",TRV,"3,937,000,000","445,000,000",,
2537000000,,81930000000,22460000000,13979000000,104390000000,1538265600,23089000000,13784000000,34799000000,10539000000,-35428000000,5211000000,359000000,64927000000,,-2003000000,,26219000000,66465000000,18151000000,4437000000,7639000000,1,6464000000,50848000000,TRV,3958000000,521000000,,
2.54B,,81.93B,22.46B,13.98B,104.39B,2018-09-30,23.09B,13.78B,34.8B,10.54B,-35.43B,5.21B,359M,64.93B,,-2B,,26.22B,66.47B,18.15B,4.44B,7.64B,1,6.46B,50.85B,TRV,3.96B,521M,,
"2,537,000,000",,"81,930,000,000","22,460,000,000","13,979,000,000","104,390,000,000",,"23,089,000,000","13,784,000,000","34,799,000,000","10,539,000,000","-35,428,000,000","5,211,000,000","359,000,000","64,927,000,000",,"-2,003,000,000",,"26,219,000,000","66,465,000,000","18,151,000,000","4,437,000,000","7,639,000,000",1,"6,464,000,000","50,848,000,000",TRV,"3,958,000,000","521,000,000",,
2301900000,2335600000,56390600000,9453100000,759500000,65843700000,1561852800,30600000,5556000000,10308900000,52170800000,-3222000000,6675900000,60800000,761100000,1600000,-242500000,667600000,8700400000,47147800000,9103000000,1367200000,1716400000,1,3341200000,,UNM,350100000,,,
2.3B,2.34B,56.39B,9.45B,759.5M,65.84B,2019-06-30,30.6M,5.56B,10.31B,52.17B,-3.22B,6.68B,60.8M,761.1M,1.6M,-242.5M,667.6M,8.7B,47.15B,9.1B,1.37B,1.72B,1,3.34B,,UNM,350.1M,,,
"2,301,900,000","2,335,600,000","56,390,600,000","9,453,100,000","759,500,000","65,843,700,000",,"30,600,000","5,556,000,000","10,308,900,000","52,170,800,000","-3,222,000,000","6,675,900,000","60,800,000","761,100,000","1,600,000","-242,500,000","667,600,000","8,700,400,000","47,147,800,000","9,103,000,000","1,367,200,000","1,716,400,000",1,"3,341,200,000",,UNM,"350,100,000",,,
2298200000,2328500000,54861200000,9060500000,743500000,63921700000,1553990400,30500000,5459900000,10083100000,51033100000,-3381600000,6725000000,62100000,747300000,3800000,-502300000,664200000,8428600000,45454700000,8709500000,1194400000,1712200000,1,2958700000,,UNM,351000000,30200000,,
2.3B,2.33B,54.86B,9.06B,743.5M,63.92B,2019-03-31,30.5M,5.46B,10.08B,51.03B,-3.38B,6.72B,62.1M,747.3M,3.8M,-502.3M,664.2M,8.43B,45.45B,8.71B,1.19B,1.71B,1,2.96B,,UNM,351M,30.2M,,
"2,298,200,000","2,328,500,000","54,861,200,000","9,060,500,000","743,500,000","63,921,700,000",,"30,500,000","5,459,900,000","10,083,100,000","51,033,100,000","-3,381,600,000","6,725,000,000","62,100,000","747,300,000","3,800,000","-502,300,000","664,200,000","8,428,600,000","45,454,700,000","8,709,500,000","1,194,400,000","1,712,200,000",1,"2,958,700,000",,UNM,"351,000,000","30,200,000",,
2406100000,2321700000,53253800000,8621800000,579300000,61875600000,1546214400,30500000,5353000000,9863100000,49698000000,-3593500000,6858000000,94000000,584500000,5200000,-814200000,546900000,8030600000,43683700000,8271500000,968100000,1615500000,1,2971300000,,UNM,350300000,109900000,,
2.41B,2.32B,53.25B,8.62B,579.3M,61.88B,2018-12-31,30.5M,5.35B,9.86B,49.7B,-3.59B,6.86B,94M,584.5M,5.2M,-814.2M,546.9M,8.03B,43.68B,8.27B,968.1M,1.62B,1,2.97B,,UNM,350.3M,109.9M,,
"2,406,100,000","2,321,700,000","53,253,800,000","8,621,800,000","579,300,000","61,875,600,000",,"30,500,000","5,353,000,000","9,863,100,000","49,698,000,000","-3,593,500,000","6,858,000,000","94,000,000","584,500,000","5,200,000","-814,200,000","546,900,000","8,030,600,000","43,683,700,000","8,271,500,000","968,100,000","1,615,500,000",1,"2,971,300,000",,UNM,"350,300,000","109,900,000",,
2276900000,2314300000,53731600000,8518200000,719200000,62249800000,1538265600,30500000,5367000000,9670800000,50021600000,-3497400000,6829900000,214200000,726500000,7300000,-868500000,521000000,8531400000,43744600000,8172200000,1238200000,1712000000,1,2983500000,,UNM,346000000,157400000,,
2.28B,2.31B,53.73B,8.52B,719.2M,62.25B,2018-09-30,30.5M,5.37B,9.67B,50.02B,-3.5B,6.83B,214.2M,726.5M,7.3M,-868.5M,521M,8.53B,43.74B,8.17B,1.24B,1.71B,1,2.98B,,UNM,346M,157.4M,,
"2,276,900,000","2,314,300,000","53,731,600,000","8,518,200,000","719,200,000","62,249,800,000",,"30,500,000","5,367,000,000","9,670,800,000","50,021,600,000","-3,497,400,000","6,829,900,000","214,200,000","726,500,000","7,300,000","-868,500,000","521,000,000","8,531,400,000","43,744,600,000","8,172,200,000","1,238,200,000","1,712,000,000",1,"2,983,500,000",,UNM,"346,000,000","157,400,000",,
3055000000,10644000000,24934000000,10090000000,15416000000,35166000000,1561852800,,14803000000,1442000000,2481000000,-1996000000,1406000000,812000000,17204000000,187000000,-1993000000,1897000000,18333000000,21000000,-3419000000,,2585000000,1,4284000000,793000000,WLTW,10454000000,71000000,142000000,59000000
3.06B,10.64B,24.93B,10.09B,15.42B,35.17B,2019-06-30,,14.8B,1.44B,2.48B,-2B,1.41B,812M,17.2B,187M,-1.99B,1.9B,18.33B,21M,-3.42B,,2.58B,1,4.28B,793M,WLTW,10.45B,71M,142M,59M
"3,055,000,000","10,644,000,000","24,934,000,000","10,090,000,000","15,416,000,000","35,166,000,000",,,"14,803,000,000","1,442,000,000","2,481,000,000","-1,996,000,000","1,406,000,000","812,000,000","17,204,000,000","187,000,000","-1,993,000,000","1,897,000,000","18,333,000,000","21,000,000","-3,419,000,000",,"2,585,000,000",1,"4,284,000,000","793,000,000",WLTW,"10,454,000,000","71,000,000","142,000,000","59,000,000"
3187000000,10630000000,25651000000,10092000000,16066000000,35893000000,1553990400,,15129000000,1439000000,2493000000,-1977000000,1327000000,992000000,17654000000,187000000,-1974000000,1903000000,19020000000,,-3551000000,,2490000000,1,4518000000,688000000,WLTW,10456000000,,150000000,
3.19B,10.63B,25.65B,10.09B,16.07B,35.89B,2019-03-31,,15.13B,1.44B,2.49B,-1.98B,1.33B,992M,17.65B,187M,-1.97B,1.9B,19.02B,,-3.55B,,2.49B,1,4.52B,688M,WLTW,10.46B,,150M,
"3,187,000,000","10,630,000,000","25,651,000,000","10,092,000,000","16,066,000,000","35,893,000,000",,,"15,129,000,000","1,439,000,000","2,493,000,000","-1,977,000,000","1,327,000,000","992,000,000","17,654,000,000","187,000,000","-1,974,000,000","1,903,000,000","19,020,000,000",,"-3,551,000,000",,"2,490,000,000",1,"4,518,000,000","688,000,000",WLTW,"10,456,000,000",,"150,000,000",
3318000000,9420000000,22388000000,9852000000,13326000000,32385000000,1546214400,,12806000000,1021000000,2669000000,-589000000,1210000000,1033000000,15301000000,186000000,-589000000,942000000,16420000000,30000000,-3931000000,,2445000000,1,4389000000,163000000,WLTW,10465000000,59000000,145000000,46000000
3.32B,9.42B,22.39B,9.85B,13.33B,32.38B,2018-12-31,,12.81B,1.02B,2.67B,-589M,1.21B,1.03B,15.3B,186M,-589M,942M,16.42B,30M,-3.93B,,2.44B,1,4.39B,163M,WLTW,10.46B,59M,145M,46M
"3,318,000,000","9,420,000,000","22,388,000,000","9,852,000,000","13,326,000,000","32,385,000,000",,,"12,806,000,000","1,021,000,000","2,669,000,000","-589,000,000","1,210,000,000","1,033,000,000","15,301,000,000","186,000,000","-589,000,000","942,000,000","16,420,000,000","30,000,000","-3,931,000,000",,"2,445,000,000",1,"4,389,000,000","163,000,000",WLTW,"10,465,000,000","59,000,000","145,000,000","46,000,000"
3429000000,10577000000,22851000000,10049000000,13904000000,33041000000,1538265600,,13321000000,1102000000,2798000000,-1630000000,1447000000,931000000,15555000000,186000000,-1627000000,944000000,16756000000,8000000,-3837000000,,2340000000,1,4498000000,679000000,WLTW,10457000000,66000000,141000000,50000000
3.43B,10.58B,22.85B,10.05B,13.9B,33.04B,2018-09-30,,13.32B,1.1B,2.8B,-1.63B,1.45B,931M,15.55B,186M,-1.63B,944M,16.76B,8M,-3.84B,,2.34B,1,4.5B,679M,WLTW,10.46B,66M,141M,50M
"3,429,000,000","10,577,000,000","22,851,000,000","10,049,000,000","13,904,000,000","33,041,000,000",,,"13,321,000,000","1,102,000,000","2,798,000,000","-1,630,000,000","1,447,000,000","931,000,000","15,555,000,000","186,000,000","-1,627,000,000","944,000,000","16,756,000,000","8,000,000","-3,837,000,000",,"2,340,000,000",1,"4,498,000,000","679,000,000",WLTW,"10,457,000,000","66,000,000","141,000,000","50,000,000"
8588000000,,303804000000,18455000000,2284000000,322259000000,1561852800,5241000000,21151000000,8878000000,293100000000,4336000000,179231000000,3314000000,4380000000,300000000,4336000000,348000000,29540000000,102774000000,16677000000,,553000000,1,6126000000,1796000000,LNC,1778000000,,,
8.59B,,303.8B,18.45B,2.28B,322.26B,2019-06-30,5.24B,21.15B,8.88B,293.1B,4.34B,179.23B,3.31B,4.38B,300M,4.34B,348M,29.54B,102.77B,16.68B,,553M,1,6.13B,1.8B,LNC,1.78B,,,
"8,588,000,000",,"303,804,000,000","18,455,000,000","2,284,000,000","322,259,000,000",,"5,241,000,000","21,151,000,000","8,878,000,000","293,100,000,000","4,336,000,000","179,231,000,000","3,314,000,000","4,380,000,000","300,000,000","4,336,000,000","348,000,000","29,540,000,000","102,774,000,000","16,677,000,000",,"553,000,000",1,"6,126,000,000","1,796,000,000",LNC,"1,778,000,000",,,
9441000000,,297882000000,16417000000,1915000000,314299000000,1553990400,5285000000,21186000000,8679000000,287810000000,2453000000,175051000000,1593000000,3977000000,300000000,2453000000,374000000,26700000000,100955000000,14639000000,,607000000,1,5891000000,1762000000,LNC,1778000000,,,
9.44B,,297.88B,16.42B,1.92B,314.3B,2019-03-31,5.29B,21.19B,8.68B,287.81B,2.45B,175.05B,1.59B,3.98B,300M,2.45B,374M,26.7B,100.95B,14.64B,,607M,1,5.89B,1.76B,LNC,1.78B,,,
"9,441,000,000",,"297,882,000,000","16,417,000,000","1,915,000,000","314,299,000,000",,"5,285,000,000","21,186,000,000","8,679,000,000","287,810,000,000","2,453,000,000","175,051,000,000","1,593,000,000","3,977,000,000","300,000,000","2,453,000,000","374,000,000","26,700,000,000","100,955,000,000","14,639,000,000",,"607,000,000",1,"5,891,000,000","1,762,000,000",LNC,"1,778,000,000",,,
11525000000,,283797000000,14350000000,1308000000,298147000000,1546214400,5392000000,28571000000,8551000000,274262000000,407000000,155026000000,2345000000,3048000000,,407000000,,33436000000,96378000000,11909000000,,570000000,1,6123000000,1740000000,LNC,1782000000,,,248000000
11.53B,,283.8B,14.35B,1.31B,298.15B,2018-12-31,5.39B,28.57B,8.55B,274.26B,407M,155.03B,2.35B,3.05B,,407M,,33.44B,96.38B,11.91B,,570M,1,6.12B,1.74B,LNC,1.78B,,,248M
"11,525,000,000",,"283,797,000,000","14,350,000,000","1,308,000,000","298,147,000,000",,"5,392,000,000","28,571,000,000","8,551,000,000","274,262,000,000","407,000,000","155,026,000,000","2,345,000,000","3,048,000,000",,"407,000,000",,"33,436,000,000","96,378,000,000","11,909,000,000",,"570,000,000",1,"6,123,000,000","1,740,000,000",LNC,"1,782,000,000",,,"248,000,000"
10621000000,,288780000000,15070000000,1784000000,303850000000,1538265600,5619000000,21872000000,8615000000,279072000000,836000000,170631000000,1460000000,3517000000,,836000000,,25364000000,95477000000,13313000000,,592000000,1,6191000000,1733000000,LNC,1757000000,,,
10.62B,,288.78B,15.07B,1.78B,303.85B,2018-09-30,5.62B,21.87B,8.62B,279.07B,836M,170.63B,1.46B,3.52B,,836M,,25.36B,95.48B,13.31B,,592M,1,6.19B,1.73B,LNC,1.76B,,,
"10,621,000,000",,"288,780,000,000","15,070,000,000","1,784,000,000","303,850,000,000",,"5,619,000,000","21,872,000,000","8,615,000,000","279,072,000,000","836,000,000","170,631,000,000","1,460,000,000","3,517,000,000",,"836,000,000",,"25,364,000,000","95,477,000,000","13,313,000,000",,"592,000,000",1,"6,191,000,000","1,733,000,000",LNC,"1,757,000,000",,,
681000000,3612000000,59883000000,19514000000,4659000000,82277000000,1561852800,3000000,,16374000000,20685000000,-475000000,5368000000,440000000,27040000000,96000000,3000000,16136000000,13297000000,46027000000,18746000000,4689000000,8144000000,1,11456000000,21729000000,L,768000000,,2880000000,2678000000
681M,3.61B,59.88B,19.51B,4.66B,82.28B,2019-06-30,3M,,16.37B,20.68B,-475M,5.37B,440M,27.04B,96M,3M,16.14B,13.3B,46.03B,18.75B,4.69B,8.14B,1,11.46B,21.73B,L,768M,,2.88B,2.68B
"681,000,000","3,612,000,000","59,883,000,000","19,514,000,000","4,659,000,000","82,277,000,000",,"3,000,000",,"16,374,000,000","20,685,000,000","-475,000,000","5,368,000,000","440,000,000","27,040,000,000","96,000,000","3,000,000","16,136,000,000","13,297,000,000","46,027,000,000","18,746,000,000","4,689,000,000","8,144,000,000",1,"11,456,000,000","21,729,000,000",L,"768,000,000",,"2,880,000,000","2,678,000,000"
664000000,3607000000,58547000000,19037000000,4430000000,80449000000,1553990400,3000000,,16144000000,19916000000,-717000000,5248000000,339000000,26697000000,133000000,-390000000,16036000000,12915000000,44904000000,18355000000,4487000000,8012000000,1,11229000000,21836000000,L,682000000,,2865000000,2576000000
664M,3.61B,58.55B,19.04B,4.43B,80.45B,2019-03-31,3M,,16.14B,19.92B,-717M,5.25B,339M,26.7B,133M,-390M,16.04B,12.91B,44.9B,18.36B,4.49B,8.01B,1,11.23B,21.84B,L,682M,,2.87B,2.58B
"664,000,000","3,607,000,000","58,547,000,000","19,037,000,000","4,430,000,000","80,449,000,000",,"3,000,000",,"16,144,000,000","19,916,000,000","-717,000,000","5,248,000,000","339,000,000","26,697,000,000","133,000,000","-390,000,000","16,036,000,000","12,915,000,000","44,904,000,000","18,355,000,000","4,487,000,000","8,012,000,000",1,"11,229,000,000","21,836,000,000",L,"682,000,000",,"2,865,000,000","2,576,000,000"
1244000000,3627000000,56930000000,18518000000,4183000000,78316000000,1546214400,3000000,4820000000,15773000000,19345000000,-885000000,4033000000,405000000,26226000000,17000000,-880000000,15511000000,12391000000,44472000000,17242000000,3869000000,3140000000,1,11359000000,21984000000,L,665000000,37000000,2868000000,2513000000
1.24B,3.63B,56.93B,18.52B,4.18B,78.32B,2018-12-31,3M,4.82B,15.77B,19.34B,-885M,4.03B,405M,26.23B,17M,-880M,15.51B,12.39B,44.47B,17.24B,3.87B,3.14B,1,11.36B,21.98B,L,665M,37M,2.87B,2.51B
"1,244,000,000","3,627,000,000","56,930,000,000","18,518,000,000","4,183,000,000","78,316,000,000",,"3,000,000","4,820,000,000","15,773,000,000","19,345,000,000","-885,000,000","4,033,000,000","405,000,000","26,226,000,000","17,000,000","-880,000,000","15,511,000,000","12,391,000,000","44,472,000,000","17,242,000,000","3,869,000,000","3,140,000,000",1,"11,359,000,000","21,984,000,000",L,"665,000,000","37,000,000","2,868,000,000","2,513,000,000"
654000000,3813000000,56839000000,18952000000,4295000000,78725000000,1538265600,3000000,,16790000000,19269000000,-1654000000,4845000000,571000000,26259000000,149000000,-758000000,15467000000,12393000000,44709000000,18295000000,3794000000,7836000000,1,11311000000,21604000000,L,657000000,,2934000000,2500000000
654M,3.81B,56.84B,18.95B,4.29B,78.72B,2018-09-30,3M,,16.79B,19.27B,-1.65B,4.84B,571M,26.26B,149M,-758M,15.47B,12.39B,44.71B,18.3B,3.79B,7.84B,1,11.31B,21.6B,L,657M,,2.93B,2.5B
"654,000,000","3,813,000,000","56,839,000,000","18,952,000,000","4,295,000,000","78,725,000,000",,"3,000,000",,"16,790,000,000","19,269,000,000","-1,654,000,000","4,845,000,000","571,000,000","26,259,000,000","149,000,000","-758,000,000","15,467,000,000","12,393,000,000","44,709,000,000","18,295,000,000","3,794,000,000","7,836,000,000",1,"11,311,000,000","21,604,000,000",L,"657,000,000",,"2,934,000,000","2,500,000,000"
