maxAge,endDate,netIncome,changeToLiabilities,symbol,investments,totalCashflowsFromInvestingActivities,netBorrowings,totalCashFromFinancingActivities,changeToOperatingActivities,changeInCash,effectOfExchangeRate,totalCashFromOperatingActivities,depreciation,otherCashflowsFromInvestingActivities,dividendsPaid,changeToAccountReceivables,otherCashflowsFromFinancingActivities,changeToNetincome,repurchaseOfStock,issuanceOfStock,capitalExpenditures
1,1561852800,1109000000,0,AIG,,,,,,,,,,,,,,,,,
1,2019-06-30,1.11B,,AIG,,,,,,,,,,,,,,,,,
1,,"1,109,000,000",0,AIG,,,,,,,,,,,,,,,,,
1,1553990400,654000000,0,AIG,-1353000000,-1979000000,860000000,2764000000,-4073000000,-179000000,12000000,-976000000,1299000000,17000000,-278000000,315000000,1697000000,662000000,,,
1,2019-03-31,654M,,AIG,-1.35B,-1.98B,860M,2.76B,-4.07B,-179M,12M,-976M,1.3B,17M,-278M,315M,1.7B,662M,,,
1,,"654,000,000",0,AIG,"-1,353,000,000","-1,979,000,000","860,000,000","2,764,000,000","-4,073,000,000","-179,000,000","12,000,000","-976,000,000","1,299,000,000","17,000,000","-278,000,000","315,000,000","1,697,000,000","662,000,000",,,
1,1546214400,-622000000,0,AIG,1432000000,694000000,-209000000,-539000000,-970000000,235000000,-19000000,99000000,1549000000,1091000000,-280000000,-81000000,695000000,447000000,-745000000,,
1,2018-12-31,-622M,,AIG,1.43B,694M,-209M,-539M,-970M,235M,-19M,99M,1.55B,1.09B,-280M,-81M,695M,447M,-745M,,
1,,"-622,000,000",0,AIG,"1,432,000,000","694,000,000","-209,000,000","-539,000,000","-970,000,000","235,000,000","-19,000,000","99,000,000","1,549,000,000","1,091,000,000","-280,000,000","-81,000,000","695,000,000","447,000,000","-745,000,000",,
1,1538265600,-1259000000,0,AIG,7717000000,553000000,-274000000,-90000000,-818000000,743000000,-22000000,302000000,1029000000,-591000000,-283000000,955000000,815000000,734000000,-348000000,,
1,2018-09-30,-1.26B,,AIG,7.72B,553M,-274M,-90M,-818M,743M,-22M,302M,1.03B,-591M,-283M,955M,815M,734M,-348M,,
1,,"-1,259,000,000",0,AIG,"7,717,000,000","553,000,000","-274,000,000","-90,000,000","-818,000,000","743,000,000","-22,000,000","302,000,000","1,029,000,000","-591,000,000","-283,000,000","955,000,000","815,000,000","734,000,000","-348,000,000",,
1,1561852800,817000000,0,AFL,-614000000,-1436000000,268000000,-292000000,551000000,-873000000,42000000,813000000,,-352000000,-194000000,-52000000,-23000000,-228000000,-357000000,14000000,
1,2019-06-30,817M,,AFL,-614M,-1.44B,268M,-292M,551M,-873M,42M,813M,,-352M,-194M,-52M,-23M,-228M,-357M,14M,
1,,"817,000,000",0,AFL,"-614,000,000","-1,436,000,000","268,000,000","-292,000,000","551,000,000","-873,000,000","42,000,000","813,000,000",,"-352,000,000","-194,000,000","-52,000,000","-23,000,000","-228,000,000","-357,000,000","14,000,000",
1,1553990400,928000000,0,AFL,-2073000000,-1291000000,268000000,-686000000,468000000,-445000000,-12000000,1544000000,,958000000,-195000000,35000000,-13000000,-543000000,-490000000,12000000,
1,2019-03-31,928M,,AFL,-2.07B,-1.29B,268M,-686M,468M,-445M,-12M,1.54B,,958M,-195M,35M,-13M,-543M,-490M,12M,
1,,"928,000,000",0,AFL,"-2,073,000,000","-1,291,000,000","268,000,000","-686,000,000","468,000,000","-445,000,000","-12,000,000","1,544,000,000",,"958,000,000","-195,000,000","35,000,000","-13,000,000","-543,000,000","-490,000,000","12,000,000",
1,1546214400,525000000,0,AFL,1126000000,-410000000,470000000,-103000000,522000000,908000000,66000000,1355000000,49000000,-1177000000,-198000000,-28000000,-19000000,-52000000,-378000000,22000000,
1,2018-12-31,525M,,AFL,1.13B,-410M,470M,-103M,522M,908M,66M,1.35B,49M,-1.18B,-198M,-28M,-19M,-52M,-378M,22M,
1,,"525,000,000",0,AFL,"1,126,000,000","-410,000,000","470,000,000","-103,000,000","522,000,000","908,000,000","66,000,000","1,355,000,000","49,000,000","-1,177,000,000","-198,000,000","-28,000,000","-19,000,000","-52,000,000","-378,000,000","22,000,000",
1,1538265600,845000000,0,AFL,1164000000,-1729000000,470000000,-525000000,475000000,-418000000,-16000000,1852000000,49000000,-1687000000,-199000000,-26000000,-28000000,25000000,-322000000,24000000,
1,2018-09-30,845M,,AFL,1.16B,-1.73B,470M,-525M,475M,-418M,-16M,1.85B,49M,-1.69B,-199M,-26M,-28M,25M,-322M,24M,
1,,"845,000,000",0,AFL,"1,164,000,000","-1,729,000,000","470,000,000","-525,000,000","475,000,000","-418,000,000","-16,000,000","1,852,000,000","49,000,000","-1,687,000,000","-199,000,000","-26,000,000","-28,000,000","25,000,000","-322,000,000","24,000,000",
1,1561852800,851000000,415000000,ALL,-779000000,-879000000,175000000,-421000000,226000000,48000000,,1348000000,160000000,,-196000000,-170000000,-112000000,10000000,-332000000,44000000,-93000000
1,2019-06-30,851M,415M,ALL,-779M,-879M,175M,-421M,226M,48M,,1.35B,160M,,-196M,-170M,-112M,10M,-332M,44M,-93M
1,,"851,000,000","415,000,000",ALL,"-779,000,000","-879,000,000","175,000,000","-421,000,000","226,000,000","48,000,000",,"1,348,000,000","160,000,000",,"-196,000,000","-170,000,000","-112,000,000","10,000,000","-332,000,000","44,000,000","-93,000,000"
1,1553990400,1292000000,-201000000,ALL,-155000000,-263000000,175000000,-399000000,-312000000,52000000,,714000000,157000000,,-189000000,-39000000,-210000000,-486000000,-332000000,44000000,-80000000
1,2019-03-31,1.29B,-201M,ALL,-155M,-263M,175M,-399M,-312M,52M,,714M,157M,,-189M,-39M,-210M,-486M,-332M,44M,-80M
1,,"1,292,000,000","-201,000,000",ALL,"-155,000,000","-263,000,000","175,000,000","-399,000,000","-312,000,000","52,000,000",,"714,000,000","157,000,000",,"-189,000,000","-39,000,000","-210,000,000","-486,000,000","-332,000,000","44,000,000","-80,000,000"
1,1546214400,-269000000,130000000,ALL,1445000000,737000000,1000000,-2055000000,407000000,39000000,,1357000000,135000000,,-196000000,26000000,-241000000,1057000000,-1241000000,7000000,-82000000
1,2018-12-31,-269M,130M,ALL,1.45B,737M,1M,-2.06B,407M,39M,,1.36B,135M,,-196M,26M,-241M,1.06B,-1.24B,7M,-82M
1,,"-269,000,000","130,000,000",ALL,"1,445,000,000","737,000,000","1,000,000","-2,055,000,000","407,000,000","39,000,000",,"1,357,000,000","135,000,000",,"-196,000,000","26,000,000","-241,000,000","1,057,000,000","-1,241,000,000","7,000,000","-82,000,000"
1,1538265600,870000000,574000000,ALL,-1022000000,-1145000000,1000000,-612000000,377000000,-29000000,,1728000000,128000000,,-199000000,-237000000,-227000000,-14000000,-224000000,38000000,-67000000
1,2018-09-30,870M,574M,ALL,-1.02B,-1.15B,1M,-612M,377M,-29M,,1.73B,128M,,-199M,-237M,-227M,-14M,-224M,38M,-67M
1,,"870,000,000","574,000,000",ALL,"-1,022,000,000","-1,145,000,000","1,000,000","-612,000,000","377,000,000","-29,000,000",,"1,728,000,000","128,000,000",,"-199,000,000","-237,000,000","-227,000,000","-14,000,000","-224,000,000","38,000,000","-67,000,000"
1,1561852800,277000000,-125000000,AON,-147000000,-195000000,1154000000,-92000000,27000000,-19000000,-19000000,287000000,137000000,,-107000000,-19000000,-84000000,98000000,-1055000000,,-49000000
1,2019-06-30,277M,-125M,AON,-147M,-195M,1.15B,-92M,27M,-19M,-19M,287M,137M,,-107M,-19M,-84M,98M,-1.05B,,-49M
1,,"277,000,000","-125,000,000",AON,"-147,000,000","-195,000,000","1,154,000,000","-92,000,000","27,000,000","-19,000,000","-19,000,000","287,000,000","137,000,000",,"-107,000,000","-19,000,000","-84,000,000","98,000,000","-1,055,000,000",,"-49,000,000"
1,1553990400,659000000,-454000000,AON,39000000,-27000000,177000000,-140000000,-5000000,-56000000,37000000,74000000,137000000,,-96000000,-458000000,-121000000,77000000,-100000000,,-57000000
1,2019-03-31,659M,-454M,AON,39M,-27M,177M,-140M,-5M,-56M,37M,74M,137M,,-96M,-458M,-121M,77M,-100M,,-57M
1,,"659,000,000","-454,000,000",AON,"39,000,000","-27,000,000","177,000,000","-140,000,000","-5,000,000","-56,000,000","37,000,000","74,000,000","137,000,000",,"-96,000,000","-458,000,000","-121,000,000","77,000,000","-100,000,000",,"-57,000,000"
1,1546214400,345000000,356000000,AON,18000000,-53000000,-125000000,-444000000,-164000000,172000000,-42000000,711000000,165000000,,-97000000,-116000000,-24000000,-46000000,-198000000,,-61000000
1,2018-12-31,345M,356M,AON,18M,-53M,-125M,-444M,-164M,172M,-42M,711M,165M,,-97M,-116M,-24M,-46M,-198M,,-61M
1,,"345,000,000","356,000,000",AON,"18,000,000","-53,000,000","-125,000,000","-444,000,000","-164,000,000","172,000,000","-42,000,000","711,000,000","165,000,000",,"-97,000,000","-116,000,000","-24,000,000","-46,000,000","-198,000,000",,"-61,000,000"
1,1538265600,147000000,164000000,AON,-18000000,-95000000,-63000000,-457000000,-299000000,-3000000,-13000000,562000000,141000000,,-98000000,360000000,5000000,42000000,-301000000,,-68000000
1,2018-09-30,147M,164M,AON,-18M,-95M,-63M,-457M,-299M,-3M,-13M,562M,141M,,-98M,360M,5M,42M,-301M,,-68M
1,,"147,000,000","164,000,000",AON,"-18,000,000","-95,000,000","-63,000,000","-457,000,000","-299,000,000","-3,000,000","-13,000,000","562,000,000","141,000,000",,"-98,000,000","360,000,000","5,000,000","42,000,000","-301,000,000",,"-68,000,000"
1,1561852800,110100000,-17400000,AJG,-300000,-591500000,195100000,112700000,133200000,5800000,-31200000,515800000,115000000,,-80100000,176600000,-34600000,28200000,,32300000,-36000000
1,2019-06-30,110.1M,-17.4M,AJG,-300k,-591.5M,195.1M,112.7M,133.2M,5.8M,-31.2M,515.8M,115M,,-80.1M,176.6M,-34.6M,28.2M,,32.3M,-36M
1,,"110,100,000","-17,400,000",AJG,"-300,000","-591,500,000","195,100,000","112,700,000","133,200,000","5,800,000","-31,200,000","515,800,000","115,000,000",,"-80,100,000","176,600,000","-34,600,000","28,200,000",,"32,300,000","-36,000,000"
1,1553990400,334100000,-49200000,AJG,-400000,-141300000,574500000,507400000,786100000,304000000,34100000,-96200000,110500000,,-79600000,-1285600000,-20300000,-27600000,,32800000,-39300000
1,2019-03-31,334.1M,-49.2M,AJG,-400k,-141.3M,574.5M,507.4M,786.1M,304M,34.1M,-96.2M,110.5M,,-79.6M,-1.29B,-20.3M,-27.6M,,32.8M,-39.3M
1,,"334,100,000","-49,200,000",AJG,"-400,000","-141,300,000","574,500,000","507,400,000","786,100,000","304,000,000","34,100,000","-96,200,000","110,500,000",,"-79,600,000","-1,285,600,000","-20,300,000","-27,600,000",,"32,800,000","-39,300,000"
1,1546214400,117300000,-62200000,AJG,-15500000,-256500000,98900000,5200000,124600000,-23700000,-32900000,260500000,105900000,,-75600000,-800000,-30100000,27400000,,12000000,-33600000
1,2018-12-31,117.3M,-62.2M,AJG,-15.5M,-256.5M,98.9M,5.2M,124.6M,-23.7M,-32.9M,260.5M,105.9M,,-75.6M,-800k,-30.1M,27.4M,,12M,-33.6M
1,,"117,300,000","-62,200,000",AJG,"-15,500,000","-256,500,000","98,900,000","5,200,000","124,600,000","-23,700,000","-32,900,000","260,500,000","105,900,000",,"-75,600,000","-800,000","-30,100,000","27,400,000",,"12,000,000","-33,600,000"
1,1538265600,127600000,-21400000,AJG,-400000,-208100000,48500000,-44800000,-323200000,-84200000,-22600000,191300000,105100000,,-75300000,315000000,-40200000,-12800000,,22200000,-28100000
1,2018-09-30,127.6M,-21.4M,AJG,-400k,-208.1M,48.5M,-44.8M,-323.2M,-84.2M,-22.6M,191.3M,105.1M,,-75.3M,315M,-40.2M,-12.8M,,22.2M,-28.1M
1,,"127,600,000","-21,400,000",AJG,"-400,000","-208,100,000","48,500,000","-44,800,000","-323,200,000","-84,200,000","-22,600,000","191,300,000","105,100,000",,"-75,300,000","315,000,000","-40,200,000","-12,800,000",,"22,200,000","-28,100,000"
1,1561852800,1150000000,679000000,CB,-1208000000,-1614000000,786000000,199000000,662000000,-25000000,4000000,1386000000,77000000,-406000000,-335000000,-1121000000,62000000,189000000,-374000000,60000000,
1,2019-06-30,1.15B,679M,CB,-1.21B,-1.61B,786M,199M,662M,-25M,4M,1.39B,77M,-406M,-335M,-1.12B,62M,189M,-374M,60M,
1,,"1,150,000,000","679,000,000",CB,"-1,208,000,000","-1,614,000,000","786,000,000","199,000,000","662,000,000","-25,000,000","4,000,000","1,386,000,000","77,000,000","-406,000,000","-335,000,000","-1,121,000,000","62,000,000","189,000,000","-374,000,000","60,000,000",
1,1553990400,1040000000,-228000000,CB,-596000000,-673000000,1000000,-630000000,-44000000,53000000,34000000,1322000000,76000000,-77000000,-336000000,278000000,37000000,-66000000,-367000000,35000000,
1,2019-03-31,1.04B,-228M,CB,-596M,-673M,1M,-630M,-44M,53M,34M,1.32B,76M,-77M,-336M,278M,37M,-66M,-367M,35M,
1,,"1,040,000,000","-228,000,000",CB,"-596,000,000","-673,000,000","1,000,000","-630,000,000","-44,000,000","53,000,000","34,000,000","1,322,000,000","76,000,000","-77,000,000","-336,000,000","278,000,000","37,000,000","-66,000,000","-367,000,000","35,000,000",
1,1546214400,355000000,422000000,CB,-805000000,-808000000,4000000,-567000000,-501000000,183000000,-25000000,1583000000,86000000,-3000000,-336000000,93000000,48000000,1149000000,-312000000,29000000,
1,2018-12-31,355M,422M,CB,-805M,-808M,4M,-567M,-501M,183M,-25M,1.58B,86M,-3M,-336M,93M,48M,1.15B,-312M,29M,
1,,"355,000,000","422,000,000",CB,"-805,000,000","-808,000,000","4,000,000","-567,000,000","-501,000,000","183,000,000","-25,000,000","1,583,000,000","86,000,000","-3,000,000","-336,000,000","93,000,000","48,000,000","1,149,000,000","-312,000,000","29,000,000",
1,1538265600,1231000000,461000000,CB,-1055000000,-867000000,-100000000,-775000000,250000000,56000000,-2000000,1700000000,83000000,188000000,-340000000,55000000,24000000,-338000000,-385000000,26000000,
1,2018-09-30,1.23B,461M,CB,-1.05B,-867M,-100M,-775M,250M,56M,-2M,1.7B,83M,188M,-340M,55M,24M,-338M,-385M,26M,
1,,"1,231,000,000","461,000,000",CB,"-1,055,000,000","-867,000,000","-100,000,000","-775,000,000","250,000,000","56,000,000","-2,000,000","1,700,000,000","83,000,000","188,000,000","-340,000,000","55,000,000","24,000,000","-338,000,000","-385,000,000","26,000,000",
1,1561852800,428000000,179000000,CINF,-149000000,-160000000,5000000,-115000000,112000000,1000000,,276000000,17000000,,-90000000,-136000000,-34000000,-271000000,,4000000,-8000000
1,2019-06-30,428M,179M,CINF,-149M,-160M,5M,-115M,112M,1M,,276M,17M,,-90M,-136M,-34M,-271M,,4M,-8M
1,,"428,000,000","179,000,000",CINF,"-149,000,000","-160,000,000","5,000,000","-115,000,000","112,000,000","1,000,000",,"276,000,000","17,000,000",,"-90,000,000","-136,000,000","-34,000,000","-271,000,000",,"4,000,000","-8,000,000"
1,1553990400,695000000,113000000,CINF,-50000000,-56000000,5000000,-126000000,-156000000,18000000,,200000000,19000000,,-85000000,-95000000,-44000000,-496000000,,3000000,-5000000
1,2019-03-31,695M,113M,CINF,-50M,-56M,5M,-126M,-156M,18M,,200M,19M,,-85M,-95M,-44M,-496M,,3M,-5M
1,,"695,000,000","113,000,000",CINF,"-50,000,000","-56,000,000","5,000,000","-126,000,000","-156,000,000","18,000,000",,"200,000,000","19,000,000",,"-85,000,000","-95,000,000","-44,000,000","-496,000,000",,"3,000,000","-5,000,000"
1,1546214400,-452000000,-75000000,CINF,-64000000,-71000000,2000000,-116000000,217000000,168000000,,355000000,15000000,,-85000000,5000000,-35000000,614000000,,2000000,-6000000
1,2018-12-31,-452M,-75M,CINF,-64M,-71M,2M,-116M,217M,168M,,355M,15M,,-85M,5M,-35M,614M,,2M,-6M
1,,"-452,000,000","-75,000,000",CINF,"-64,000,000","-71,000,000","2,000,000","-116,000,000","217,000,000","168,000,000",,"355,000,000","15,000,000",,"-85,000,000","5,000,000","-35,000,000","614,000,000",,"2,000,000","-6,000,000"
1,1538265600,553000000,13000000,CINF,-107000000,-115000000,-31000000,-152000000,160000000,95000000,,362000000,16000000,,-85000000,15000000,-38000000,-274000000,,2000000,-5000000
1,2018-09-30,553M,13M,CINF,-107M,-115M,-31M,-152M,160M,95M,,362M,16M,,-85M,15M,-38M,-274M,,2M,-5M
1,,"553,000,000","13,000,000",CINF,"-107,000,000","-115,000,000","-31,000,000","-152,000,000","160,000,000","95,000,000",,"362,000,000","16,000,000",,"-85,000,000","15,000,000","-38,000,000","-274,000,000",,"2,000,000","-5,000,000"
1,1561852800,342855000,84106000,RE,-346667000,-257607000,,-64952000,-118359000,77393000,6243000,393709000,,89060000,-56999000,-15211000,803000,11787000,-8756000,,
1,2019-06-30,342.86M,84.11M,RE,-346.67M,-257.61M,,-64.95M,-118.36M,77.39M,6.24M,393.71M,,89.06M,-57M,-15.21M,803k,11.79M,-8.76M,,
1,,"342,855,000","84,106,000",RE,"-346,667,000","-257,607,000",,"-64,952,000","-118,359,000","77,393,000","6,243,000","393,709,000",,"89,060,000","-56,999,000","-15,211,000","803,000","11,787,000","-8,756,000",,
1,1553990400,348900000,135157000,RE,-487442000,-432750000,,-93021000,109577000,-72121000,-6152000,459802000,,54692000,-57137000,-163108000,-8288000,-62478000,-27596000,,
1,2019-03-31,348.9M,135.16M,RE,-487.44M,-432.75M,,-93.02M,109.58M,-72.12M,-6.15M,459.8M,,54.69M,-57.14M,-163.11M,-8.29M,-62.48M,-27.6M,,
1,,"348,900,000","135,157,000",RE,"-487,442,000","-432,750,000",,"-93,021,000","109,577,000","-72,121,000","-6,152,000","459,802,000",,"54,692,000","-57,137,000","-163,108,000","-8,288,000","-62,478,000","-27,596,000",,
1,1546214400,-382274000,177724000,RE,-42527000,-2447000,,-58925000,522908000,16334000,11266000,66440000,,40080000,-56878000,-128425000,-394000,199406000,-1653000,,
1,2018-12-31,-382.27M,177.72M,RE,-42.53M,-2.45M,,-58.92M,522.91M,16.33M,11.27M,66.44M,,40.08M,-56.88M,-128.43M,-394k,199.41M,-1.65M,,
1,,"-382,274,000","177,724,000",RE,"-42,527,000","-2,447,000",,"-58,925,000","522,908,000","16,334,000","11,266,000","66,440,000",,"40,080,000","-56,878,000","-128,425,000","-394,000","199,406,000","-1,653,000",,
1,1538265600,205613000,212771000,RE,-362421000,-279348000,,-101595000,127923000,20268000,-9770000,410981000,,83073000,-52863000,-138201000,1668000,-12643000,-50400000,,
1,2018-09-30,205.61M,212.77M,RE,-362.42M,-279.35M,,-101.59M,127.92M,20.27M,-9.77M,410.98M,,83.07M,-52.86M,-138.2M,1.67M,-12.64M,-50.4M,,
1,,"205,613,000","212,771,000",RE,"-362,421,000","-279,348,000",,"-101,595,000","127,923,000","20,268,000","-9,770,000","410,981,000",,"83,073,000","-52,863,000","-138,201,000","1,668,000","-12,643,000","-50,400,000",,
1,1561852800,186566000,0,GL,-30957000,-50594000,-39425000,-186657000,,21977000,-4124000,263352000,,,-18956000,,-37081000,76786000,-119201000,28006000,-14639000
1,2019-06-30,186.57M,,GL,-30.96M,-50.59M,-39.42M,-186.66M,,21.98M,-4.12M,263.35M,,,-18.96M,,-37.08M,76.79M,-119.2M,28.01M,-14.64M
1,,"186,566,000",0,GL,"-30,957,000","-50,594,000","-39,425,000","-186,657,000",,"21,977,000","-4,124,000","263,352,000",,,"-18,956,000",,"-37,081,000","76,786,000","-119,201,000","28,006,000","-14,639,000"
1,1553990400,185345000,0,GL,-293357000,-305762000,-15345000,-169481000,,-53684000,-1726000,423285000,,,-17696000,,-37136000,237940000,-110896000,11592000,-7015000
1,2019-03-31,185.34M,,GL,-293.36M,-305.76M,-15.35M,-169.48M,,-53.68M,-1.73M,423.29M,,,-17.7M,,-37.14M,237.94M,-110.9M,11.59M,-7.01M
1,,"185,345,000",0,GL,"-293,357,000","-305,762,000","-15,345,000","-169,481,000",,"-53,684,000","-1,726,000","423,285,000",,,"-17,696,000",,"-37,136,000","237,940,000","-110,896,000","11,592,000","-7,015,000"
1,1546214400,164717000,0,GL,-293357000,-305762000,-15345000,-169481000,,-53684000,-1726000,423285000,,,-17696000,,-37136000,237940000,-110896000,11592000,-7015000
1,2018-12-31,164.72M,,GL,-293.36M,-305.76M,-15.35M,-169.48M,,-53.68M,-1.73M,423.29M,,,-17.7M,,-37.14M,237.94M,-110.9M,11.59M,-7.01M
1,,"164,717,000",0,GL,"-293,357,000","-305,762,000","-15,345,000","-169,481,000",,"-53,684,000","-1,726,000","423,285,000",,,"-17,696,000",,"-37,136,000","237,940,000","-110,896,000","11,592,000","-7,015,000"
1,1538265600,178724000,0,GL,-665997000,-680606000,491341000,359558000,,-4791000,-4512000,320769000,,,-18075000,,-35696000,142045000,-91725000,13713000,-8581000
1,2018-09-30,178.72M,,GL,-666M,-680.61M,491.34M,359.56M,,-4.79M,-4.51M,320.77M,,,-18.07M,,-35.7M,142.04M,-91.72M,13.71M,-8.58M
1,,"178,724,000",0,GL,"-665,997,000","-680,606,000","491,341,000","359,558,000",,"-4,791,000","-4,512,000","320,769,000",,,"-18,075,000",,"-35,696,000","142,045,000","-91,725,000","13,713,000","-8,581,000"
1,1561852800,372000000,0,HIG,1812000000,-99000000,-330000000,-427000000,166000000,179000000,-20000000,725000000,113000000,17000000,-112000000,,53000000,-479000000,-38000000,,-24000000
1,2019-06-30,372M,,HIG,1.81B,-99M,-330M,-427M,166M,179M,-20M,725M,113M,17M,-112M,,53M,-479M,-38M,,-24M
1,,"372,000,000",0,HIG,"1,812,000,000","-99,000,000","-330,000,000","-427,000,000","166,000,000","179,000,000","-20,000,000","725,000,000","113,000,000","17,000,000","-112,000,000",,"53,000,000","-479,000,000","-38,000,000",,"-24,000,000"
1,1553990400,630000000,0,HIG,53000000,129000000,-261000000,-428000000,-431000000,-17000000,3000000,279000000,108000000,27000000,-115000000,,-24000000,-499000000,-28000000,,-20000000
1,2019-03-31,630M,,HIG,53M,129M,-261M,-428M,-431M,-17M,3M,279M,108M,27M,-115M,,-24M,-499M,-28M,,-20M
1,,"630,000,000",0,HIG,"53,000,000","129,000,000","-261,000,000","-428,000,000","-431,000,000","-17,000,000","3,000,000","279,000,000","108,000,000","27,000,000","-115,000,000",,"-24,000,000","-499,000,000","-28,000,000",,"-20,000,000"
1,1546214400,196000000,0,HIG,-975000000,-1200000000,25000000,224000000,489000000,19000000,-6000000,1001000000,108000000,-26000000,-109000000,,-24000000,-113000000,-26000000,,-52000000
1,2018-12-31,196M,,HIG,-975M,-1.2B,25M,224M,489M,19M,-6M,1B,108M,-26M,-109M,,-24M,-113M,-26M,,-52M
1,,"196,000,000",0,HIG,"-975,000,000","-1,200,000,000","25,000,000","224,000,000","489,000,000","19,000,000","-6,000,000","1,001,000,000","108,000,000","-26,000,000","-109,000,000",,"-24,000,000","-113,000,000","-26,000,000",,"-52,000,000"
1,1538265600,432000000,0,HIG,-377000000,-555000000,25000000,-64000000,-40000000,-45000000,2000000,572000000,122000000,37000000,-90000000,,-9000000,-328000000,-26000000,10000000,-11000000
1,2018-09-30,432M,,HIG,-377M,-555M,25M,-64M,-40M,-45M,2M,572M,122M,37M,-90M,,-9M,-328M,-26M,10M,-11M
1,,"432,000,000",0,HIG,"-377,000,000","-555,000,000","25,000,000","-64,000,000","-40,000,000","-45,000,000","2,000,000","572,000,000","122,000,000","37,000,000","-90,000,000",,"-9,000,000","-328,000,000","-26,000,000","10,000,000","-11,000,000"
1,1561852800,332000000,-50000000,MMC,84000000,-5243000000,-941000000,-1502000000,-69000000,-6182000000,46000000,517000000,268000000,-45000000,-212000000,-128000000,-279000000,254000000,-101000000,31000000,-88000000
1,2019-06-30,332M,-50M,MMC,84M,-5.24B,-941M,-1.5B,-69M,-6.18B,46M,517M,268M,-45M,-212M,-128M,-279M,254M,-101M,31M,-88M
1,,"332,000,000","-50,000,000",MMC,"84,000,000","-5,243,000,000","-941,000,000","-1,502,000,000","-69,000,000","-6,182,000,000","46,000,000","517,000,000","268,000,000","-45,000,000","-212,000,000","-128,000,000","-279,000,000","254,000,000","-101,000,000","31,000,000","-88,000,000"
1,1553990400,716000000,79000000,MMC,27000000,-187000000,7207000000,6826000000,-1058000000,6410000000,47000000,-276000000,193000000,-2000000,-210000000,-309000000,-162000000,7000000,-86000000,77000000,-73000000
1,2019-03-31,716M,79M,MMC,27M,-187M,7.21B,6.83B,-1.06B,6.41B,47M,-276M,193M,-2M,-210M,-309M,-162M,7M,-86M,77M,-73M
1,,"716,000,000","79,000,000",MMC,"27,000,000","-187,000,000","7,207,000,000","6,826,000,000","-1,058,000,000","6,410,000,000","47,000,000","-276,000,000","193,000,000","-2,000,000","-210,000,000","-309,000,000","-162,000,000","7,000,000","-86,000,000","77,000,000","-73,000,000"
1,1546214400,153000000,26000000,MMC,5000000,-337000000,-329000000,-563000000,403000000,115000000,-94000000,1109000000,123000000,-7000000,-213000000,132000000,-37000000,299000000,-5000000,21000000,-92000000
1,2018-12-31,153M,26M,MMC,5M,-337M,-329M,-563M,403M,115M,-94M,1.11B,123M,-7M,-213M,132M,-37M,299M,-5M,21M,-92M
1,,"153,000,000","26,000,000",MMC,"5,000,000","-337,000,000","-329,000,000","-563,000,000","403,000,000","115,000,000","-94,000,000","1,109,000,000","123,000,000","-7,000,000","-213,000,000","132,000,000","-37,000,000","299,000,000","-5,000,000","21,000,000","-92,000,000"
1,1538265600,276000000,-33000000,MMC,2000000,-473000000,-104000000,-515000000,222000000,-85000000,-3000000,906000000,124000000,1000000,-211000000,178000000,-49000000,170000000,-175000000,24000000,-87000000
1,2018-09-30,276M,-33M,MMC,2M,-473M,-104M,-515M,222M,-85M,-3M,906M,124M,1M,-211M,178M,-49M,170M,-175M,24M,-87M
1,,"276,000,000","-33,000,000",MMC,"2,000,000","-473,000,000","-104,000,000","-515,000,000","222,000,000","-85,000,000","-3,000,000","906,000,000","124,000,000","1,000,000","-211,000,000","178,000,000","-49,000,000","170,000,000","-175,000,000","24,000,000","-87,000,000"
1,1561852800,1741000000,0,MET,952000000,557000000,475000000,934000000,,3929000000,51000000,2387000000,,-565000000,-476000000,,1685000000,646000000,-750000000,,
1,2019-06-30,1.74B,,MET,952M,557M,475M,934M,,3.93B,51M,2.39B,,-565M,-476M,,1.69B,646M,-750M,,
1,,"1,741,000,000",0,MET,"952,000,000","557,000,000","475,000,000","934,000,000",,"3,929,000,000","51,000,000","2,387,000,000",,"-565,000,000","-476,000,000",,"1,685,000,000","646,000,000","-750,000,000",,
1,1553990400,1381000000,0,MET,-2423000000,-5699000000,-22000000,2316000000,,-1315000000,-4000000,2072000000,,-265000000,-437000000,,3275000000,691000000,-500000000,,
1,2019-03-31,1.38B,,MET,-2.42B,-5.7B,-22M,2.32B,,-1.31B,-4M,2.07B,,-265M,-437M,,3.27B,691M,-500M,,
1,,"1,381,000,000",0,MET,"-2,423,000,000","-5,699,000,000","-22,000,000","2,316,000,000",,"-1,315,000,000","-4,000,000","2,072,000,000",,"-265,000,000","-437,000,000",,"3,275,000,000","691,000,000","-500,000,000",,
1,1546214400,2067000000,0,MET,8104000000,5358000000,-573000000,-3332000000,9073000000,3331000000,4000000,1301000000,352000000,164000000,-472000000,-1809000000,-1087000000,-9598000000,-1200000000,,
1,2018-12-31,2.07B,,MET,8.1B,5.36B,-573M,-3.33B,9.07B,3.33B,4M,1.3B,352M,164M,-472M,-1.81B,-1.09B,-9.6B,-1.2B,,
1,,"2,067,000,000",0,MET,"8,104,000,000","5,358,000,000","-573,000,000","-3,332,000,000","9,073,000,000","3,331,000,000","4,000,000","1,301,000,000","352,000,000","164,000,000","-472,000,000","-1,809,000,000","-1,087,000,000","-9,598,000,000","-1,200,000,000",,
1,1538265600,912000000,0,MET,-3882000000,-6228000000,-1113000000,-1081000000,9073000000,-3822000000,-46000000,3533000000,352000000,-341000000,-451000000,-1809000000,1119000000,2621000000,-636000000,,
1,2018-09-30,912M,,MET,-3.88B,-6.23B,-1.11B,-1.08B,9.07B,-3.82B,-46M,3.53B,352M,-341M,-451M,-1.81B,1.12B,2.62B,-636M,,
1,,"912,000,000",0,MET,"-3,882,000,000","-6,228,000,000","-1,113,000,000","-1,081,000,000","9,073,000,000","-3,822,000,000","-46,000,000","3,533,000,000","352,000,000","-341,000,000","-451,000,000","-1,809,000,000","1,119,000,000","2,621,000,000","-636,000,000",,
1,1561852800,386300000,0,PFG,-314000000,-852900000,528600000,407100000,983100000,1056200000,,1502000000,53200000,,-150400000,119000000,12700000,-121700000,-100000,16300000,-36000000
1,2019-06-30,386.3M,,PFG,-314M,-852.9M,528.6M,407.1M,983.1M,1.06B,,1.5B,53.2M,,-150.4M,119M,12.7M,-121.7M,-100k,16.3M,-36M
1,,"386,300,000",0,PFG,"-314,000,000","-852,900,000","528,600,000","407,100,000","983,100,000","1,056,200,000",,"1,502,000,000","53,200,000",,"-150,400,000","119,000,000","12,700,000","-121,700,000","-100,000","16,300,000","-36,000,000"
1,1553990400,429900000,0,PFG,-1208500000,-1491100000,6500000,-403100000,915100000,-717800000,,1176400000,51000000,,-150200000,-189800000,-111600000,-154800000,-153600000,5800000,-29400000
1,2019-03-31,429.9M,,PFG,-1.21B,-1.49B,6.5M,-403.1M,915.1M,-717.8M,,1.18B,51M,,-150.2M,-189.8M,-111.6M,-154.8M,-153.6M,5.8M,-29.4M
1,,"429,900,000",0,PFG,"-1,208,500,000","-1,491,100,000","6,500,000","-403,100,000","915,100,000","-717,800,000",,"1,176,400,000","51,000,000",,"-150,200,000","-189,800,000","-111,600,000","-154,800,000","-153,600,000","5,800,000","-29,400,000"
1,1546214400,236500000,0,PFG,-801200000,-1293800000,23000000,-98000000,867600000,50800000,,1442600000,53200000,,-152100000,71500000,229600000,-154800000,-210100000,11600000,-18900000
1,2018-12-31,236.5M,,PFG,-801.2M,-1.29B,23M,-98M,867.6M,50.8M,,1.44B,53.2M,,-152.1M,71.5M,229.6M,-154.8M,-210.1M,11.6M,-18.9M
1,,"236,500,000",0,PFG,"-801,200,000","-1,293,800,000","23,000,000","-98,000,000","867,600,000","50,800,000",,"1,442,600,000","53,200,000",,"-152,100,000","71,500,000","229,600,000","-154,800,000","-210,100,000","11,600,000","-18,900,000"
1,1538265600,456300000,0,PFG,-1429300000,-2067200000,-3200000,576200000,1608800000,584700000,,2075700000,50700000,,-150700000,-60000000,787300000,-85900000,-65000000,7800000,-29800000
1,2018-09-30,456.3M,,PFG,-1.43B,-2.07B,-3.2M,576.2M,1.61B,584.7M,,2.08B,50.7M,,-150.7M,-60M,787.3M,-85.9M,-65M,7.8M,-29.8M
1,,"456,300,000",0,PFG,"-1,429,300,000","-2,067,200,000","-3,200,000","576,200,000","1,608,800,000","584,700,000",,"2,075,700,000","50,700,000",,"-150,700,000","-60,000,000","787,300,000","-85,900,000","-65,000,000","7,800,000","-29,800,000"
1,1561852800,979400000,507400000,PGR,-1772700000,-1512900000,,-59100000,383000000,-65800000,,1506200000,80000000,380000000,-58400000,22700000,,-158500000,-2300000,1600000,-127400000
1,2019-06-30,979.4M,507.4M,PGR,-1.77B,-1.51B,,-59.1M,383M,-65.8M,,1.51B,80M,380M,-58.4M,22.7M,,-158.5M,-2.3M,1.6M,-127.4M
1,,"979,400,000","507,400,000",PGR,"-1,772,700,000","-1,512,900,000",,"-59,100,000","383,000,000","-65,800,000",,"1,506,200,000","80,000,000","380,000,000","-58,400,000","22,700,000",,"-158,500,000","-2,300,000","1,600,000","-127,400,000"
1,1553990400,1078400000,1208600000,PGR,-125400000,-277400000,,-1507400000,124100000,83700000,,1868500000,70500000,-82400000,-1481300000,-692700000,,-385600000,-26100000,1600000,-75800000
1,2019-03-31,1.08B,1.21B,PGR,-125.4M,-277.4M,,-1.51B,124.1M,83.7M,,1.87B,70.5M,-82.4M,-1.48B,-692.7M,,-385.6M,-26.1M,1.6M,-75.8M
1,,"1,078,400,000","1,208,600,000",PGR,"-125,400,000","-277,400,000",,"-1,507,400,000","124,100,000","83,700,000",,"1,868,500,000","70,500,000","-82,400,000","-1,481,300,000","-692,700,000",,"-385,600,000","-26,100,000","1,600,000","-75,800,000"
1,1546214400,264700000,-608900000,PGR,-1576000000,-1675200000,544500000,544200000,641300000,-47700000,,1083300000,70600000,700000,-1481300000,279500000,,619800000,-300000,1600000,-101200000
1,2018-12-31,264.7M,-608.9M,PGR,-1.58B,-1.68B,544.5M,544.2M,641.3M,-47.7M,,1.08B,70.6M,700k,-1.48B,279.5M,,619.8M,-300k,1.6M,-101.2M
1,,"264,700,000","-608,900,000",PGR,"-1,576,000,000","-1,675,200,000","544,500,000","544,200,000","641,300,000","-47,700,000",,"1,083,300,000","70,600,000","700,000","-1,481,300,000","279,500,000",,"619,800,000","-300,000","1,600,000","-101,200,000"
1,1538265600,928400000,1095700000,PGR,-1281100000,-1700400000,544500000,-52800000,300900000,-35000000,,1718200000,69200000,-356900000,-13500000,-546400000,,-152600000,-39300000,1600000,-62800000
1,2018-09-30,928.4M,1.1B,PGR,-1.28B,-1.7B,544.5M,-52.8M,300.9M,-35M,,1.72B,69.2M,-356.9M,-13.5M,-546.4M,,-152.6M,-39.3M,1.6M,-62.8M
1,,"928,400,000","1,095,700,000",PGR,"-1,281,100,000","-1,700,400,000","544,500,000","-52,800,000","300,900,000","-35,000,000",,"1,718,200,000","69,200,000","-356,900,000","-13,500,000","-546,400,000",,"-152,600,000","-39,300,000","1,600,000","-62,800,000"
1,1561852800,708000000,0,PRU,-3095000000,-2738000000,-445000000,-1805000000,4699000000,725000000,29000000,5239000000,-109000000,444000000,-407000000,,-493000000,475000000,-499000000,39000000,
1,2019-06-30,708M,,PRU,-3.1B,-2.74B,-445M,-1.8B,4.7B,725M,29M,5.24B,-109M,444M,-407M,,-493M,475M,-499M,39M,
1,,"708,000,000",0,PRU,"-3,095,000,000","-2,738,000,000","-445,000,000","-1,805,000,000","4,699,000,000","725,000,000","29,000,000","5,239,000,000","-109,000,000","444,000,000","-407,000,000",,"-493,000,000","475,000,000","-499,000,000","39,000,000",
1,1553990400,932000000,0,PRU,-4301000000,-5299000000,1510000000,1566000000,920000000,-650000000,-2000000,3085000000,20000000,173000000,-420000000,,924000000,1061000000,-484000000,36000000,
1,2019-03-31,932M,,PRU,-4.3B,-5.3B,1.51B,1.57B,920M,-650M,-2M,3.08B,20M,173M,-420M,,924M,1.06B,-484M,36M,
1,,"932,000,000",0,PRU,"-4,301,000,000","-5,299,000,000","1,510,000,000","1,566,000,000","920,000,000","-650,000,000","-2,000,000","3,085,000,000","20,000,000","173,000,000","-420,000,000",,"924,000,000","1,061,000,000","-484,000,000","36,000,000",
1,1546214400,842000000,0,PRU,-8541000000,-8687000000,96000000,-28000000,10578000000,2891000000,210000000,11396000000,116000000,-77000000,-374000000,,613000000,-316000000,-388000000,25000000,
1,2018-12-31,842M,,PRU,-8.54B,-8.69B,96M,-28M,10.58B,2.89B,210M,11.4B,116M,-77M,-374M,,613M,-316M,-388M,25M,
1,,"842,000,000",0,PRU,"-8,541,000,000","-8,687,000,000","96,000,000","-28,000,000","10,578,000,000","2,891,000,000","210,000,000","11,396,000,000","116,000,000","-77,000,000","-374,000,000",,"613,000,000","-316,000,000","-388,000,000","25,000,000",
1,1538265600,1672000000,0,PRU,-6083000000,-6452000000,1015000000,400000000,1667000000,-2456000000,3000000,3593000000,-3000000,298000000,-378000000,,103000000,288000000,-373000000,33000000,
1,2018-09-30,1.67B,,PRU,-6.08B,-6.45B,1.01B,400M,1.67B,-2.46B,3M,3.59B,-3M,298M,-378M,,103M,288M,-373M,33M,
1,,"1,672,000,000",0,PRU,"-6,083,000,000","-6,452,000,000","1,015,000,000","400,000,000","1,667,000,000","-2,456,000,000","3,000,000","3,593,000,000","-3,000,000","298,000,000","-378,000,000",,"103,000,000","288,000,000","-373,000,000","33,000,000",
1,1561852800,557000000,407000000,TRV,52000000,-115000000,-500000000,-979000000,-381000000,59000000,,1153000000,190000000,-159000000,-214000000,-345000000,,-409000000,-376000000,111000000,
1,2019-06-30,557M,407M,TRV,52M,-115M,-500M,-979M,-381M,59M,,1.15B,190M,-159M,-214M,-345M,,-409M,-376M,111M,
1,,"557,000,000","407,000,000",TRV,"52,000,000","-115,000,000","-500,000,000","-979,000,000","-381,000,000","59,000,000",,"1,153,000,000","190,000,000","-159,000,000","-214,000,000","-345,000,000",,"-409,000,000","-376,000,000","111,000,000",
1,1553990400,796000000,551000000,TRV,-722000000,-586000000,492000000,-71000000,-1547000000,-16000000,2000000,639000000,211000000,213000000,-205000000,-434000000,,-55000000,-421000000,63000000,
1,2019-03-31,796M,551M,TRV,-722M,-586M,492M,-71M,-1.55B,-16M,2M,639M,211M,213M,-205M,-434M,,-55M,-421M,63M,
1,,"796,000,000","551,000,000",TRV,"-722,000,000","-586,000,000","492,000,000","-71,000,000","-1,547,000,000","-16,000,000","2,000,000","639,000,000","211,000,000","213,000,000","-205,000,000","-434,000,000",,"-55,000,000","-421,000,000","63,000,000",
1,1546214400,621000000,-385000000,TRV,-304000000,-570000000,492000000,-358000000,-798000000,14000000,-6000000,948000000,194000000,-315000000,-203000000,115000000,,79000000,-170000000,15000000,
1,2018-12-31,621M,-385M,TRV,-304M,-570M,492M,-358M,-798M,14M,-6M,948M,194M,-315M,-203M,115M,,79M,-170M,15M,
1,,"621,000,000","-385,000,000",TRV,"-304,000,000","-570,000,000","492,000,000","-358,000,000","-798,000,000","14,000,000","-6,000,000","948,000,000","194,000,000","-315,000,000","-203,000,000","115,000,000",,"79,000,000","-170,000,000","15,000,000",
1,1538265600,709000000,216000000,TRV,-1107000000,-1302000000,100000000,-488000000,-541000000,-56000000,-6000000,1734000000,198000000,-186000000,-207000000,152000000,,-117000000,-400000000,19000000,
1,2018-09-30,709M,216M,TRV,-1.11B,-1.3B,100M,-488M,-541M,-56M,-6M,1.73B,198M,-186M,-207M,152M,,-117M,-400M,19M,
1,,"709,000,000","216,000,000",TRV,"-1,107,000,000","-1,302,000,000","100,000,000","-488,000,000","-541,000,000","-56,000,000","-6,000,000","1,734,000,000","198,000,000","-186,000,000","-207,000,000","152,000,000",,"-117,000,000","-400,000,000","19,000,000",
1,1561852800,281200000,0,UNM,-613100000,-642000000,380900000,214800000,185000000,-1300000,,425900000,27500000,7900000,-55200000,67900000,-12800000,-119300000,-100200000,2100000,-36800000
1,2019-06-30,281.2M,,UNM,-613.1M,-642M,380.9M,214.8M,185M,-1.3M,,425.9M,27.5M,7.9M,-55.2M,67.9M,-12.8M,-119.3M,-100.2M,2.1M,-36.8M
1,,"281,200,000",0,UNM,"-613,100,000","-642,000,000","380,900,000","214,800,000","185,000,000","-1,300,000",,"425,900,000","27,500,000","7,900,000","-55,200,000","67,900,000","-12,800,000","-119,300,000","-100,200,000","2,100,000","-36,800,000"
1,1553990400,280900000,0,UNM,-229200000,-365200000,-15000000,-183500000,51800000,-31900000,,516800000,27400000,-107900000,-55700000,-10700000,-14200000,-85700000,-100000000,1400000,-28100000
1,2019-03-31,280.9M,,UNM,-229.2M,-365.2M,-15M,-183.5M,51.8M,-31.9M,,516.8M,27.4M,-107.9M,-55.7M,-10.7M,-14.2M,-85.7M,-100M,1.4M,-28.1M
1,,"280,900,000",0,UNM,"-229,200,000","-365,200,000","-15,000,000","-183,500,000","51,800,000","-31,900,000",,"516,800,000","27,400,000","-107,900,000","-55,700,000","-10,700,000","-14,200,000","-85,700,000","-100,000,000","1,400,000","-28,100,000"
1,1546214400,249100000,0,UNM,-38700000,-342700000,-15000000,-230500000,27100000,-120200000,,453000000,26500000,-110100000,-55400000,85900000,-10700000,-3400000,-150400000,1000000,-48500000
1,2018-12-31,249.1M,,UNM,-38.7M,-342.7M,-15M,-230.5M,27.1M,-120.2M,,453M,26.5M,-110.1M,-55.4M,85.9M,-10.7M,-3.4M,-150.4M,1M,-48.5M
1,,"249,100,000",0,UNM,"-38,700,000","-342,700,000","-15,000,000","-230,500,000","27,100,000","-120,200,000",,"453,000,000","26,500,000","-110,100,000","-55,400,000","85,900,000","-10,700,000","-3,400,000","-150,400,000","1,000,000","-48,500,000"
1,1538265600,-284700000,0,UNM,119700000,14200000,-215000000,-286800000,840300000,114700000,,387300000,25400000,-69500000,-56900000,-142900000,-15900000,50600000,-150400000,1000000,-36000000
1,2018-09-30,-284.7M,,UNM,119.7M,14.2M,-215M,-286.8M,840.3M,114.7M,,387.3M,25.4M,-69.5M,-56.9M,-142.9M,-15.9M,50.6M,-150.4M,1M,-36M
1,,"-284,700,000",0,UNM,"119,700,000","14,200,000","-215,000,000","-286,800,000","840,300,000","114,700,000",,"387,300,000","25,400,000","-69,500,000","-56,900,000","-142,900,000","-15,900,000","50,600,000","-150,400,000","1,000,000","-36,000,000"
1,1561852800,138000000,0,WLTW,,-73000000,-246000000,-456000000,-25000000,-180000000,-1000000,350000000,149000000,-6000000,-84000000,39000000,-68000000,16000000,-63000000,5000000,-63000000
1,2019-06-30,138M,,WLTW,,-73M,-246M,-456M,-25M,-180M,-1M,350M,149M,-6M,-84M,39M,-68M,16M,-63M,5M,-63M
1,,"138,000,000",0,WLTW,,"-73,000,000","-246,000,000","-456,000,000","-25,000,000","-180,000,000","-1,000,000","350,000,000","149,000,000","-6,000,000","-84,000,000","39,000,000","-68,000,000","16,000,000","-63,000,000","5,000,000","-63,000,000"
1,1553990400,287000000,0,WLTW,,-75000000,137000000,82000000,-406000000,-41000000,-1000000,-47000000,149000000,-6000000,-77000000,-121000000,-68000000,12000000,-63000000,22000000,-57000000
1,2019-03-31,287M,,WLTW,,-75M,137M,82M,-406M,-41M,-1M,-47M,149M,-6M,-77M,-121M,-68M,12M,-63M,22M,-57M
1,,"287,000,000",0,WLTW,,"-75,000,000","137,000,000","82,000,000","-406,000,000","-41,000,000","-1,000,000","-47,000,000","149,000,000","-6,000,000","-77,000,000","-121,000,000","-68,000,000","12,000,000","-63,000,000","22,000,000","-57,000,000"
1,1546214400,378000000,0,WLTW,,-101000000,-100000000,-361000000,309000000,102000000,-8000000,572000000,143000000,-1000000,-78000000,-264000000,-6000000,-28000000,-201000000,24000000,-59000000
1,2018-12-31,378M,,WLTW,,-101M,-100M,-361M,309M,102M,-8M,572M,143M,-1M,-78M,-264M,-6M,-28M,-201M,24M,-59M
1,,"378,000,000",0,WLTW,,"-101,000,000","-100,000,000","-361,000,000","309,000,000","102,000,000","-8,000,000","572,000,000","143,000,000","-1,000,000","-78,000,000","-264,000,000","-6,000,000","-28,000,000","-201,000,000","24,000,000","-59,000,000"
1,1538265600,44000000,0,WLTW,,-87000000,20000000,-207000000,-102000000,20000000,-7000000,321000000,149000000,-3000000,-79000000,251000000,-19000000,-54000000,-132000000,3000000,-68000000
1,2018-09-30,44M,,WLTW,,-87M,20M,-207M,-102M,20M,-7M,321M,149M,-3M,-79M,251M,-19M,-54M,-132M,3M,-68M
1,,"44,000,000",0,WLTW,,"-87,000,000","20,000,000","-207,000,000","-102,000,000","20,000,000","-7,000,000","321,000,000","149,000,000","-3,000,000","-79,000,000","251,000,000","-19,000,000","-54,000,000","-132,000,000","3,000,000","-68,000,000"
1,1561852800,363000000,0,LNC,1784000000,1074000000,,1878000000,-673000000,1721000000,,-1231000000,29000000,294000000,-76000000,54000000,2104000000,-927000000,-150000000,,
1,2019-06-30,363M,,LNC,1.78B,1.07B,,1.88B,-673M,1.72B,,-1.23B,29M,294M,-76M,54M,2.1B,-927M,-150M,,
1,,"363,000,000",0,LNC,"1,784,000,000","1,074,000,000",,"1,878,000,000","-673,000,000","1,721,000,000",,"-1,231,000,000","29,000,000","294,000,000","-76,000,000","54,000,000","2,104,000,000","-927,000,000","-150,000,000",,
1,1553990400,252000000,0,LNC,-709000000,-1133000000,,1712000000,-768000000,-752000000,,-1331000000,19000000,426000000,-77000000,-37000000,1939000000,-784000000,-150000000,,
1,2019-03-31,252M,,LNC,-709M,-1.13B,,1.71B,-768M,-752M,,-1.33B,19M,426M,-77M,-37M,1.94B,-784M,-150M,,
1,,"252,000,000",0,LNC,"-709,000,000","-1,133,000,000",,"1,712,000,000","-768,000,000","-752,000,000",,"-1,331,000,000","19,000,000","426,000,000","-77,000,000","-37,000,000","1,939,000,000","-784,000,000","-150,000,000",,
1,1546214400,399000000,0,LNC,-1571000000,-1575000000,37000000,1551000000,1059000000,885000000,,909000000,1000000,664000000,-72000000,22000000,2211000000,-667000000,-625000000,,
1,2018-12-31,399M,,LNC,-1.57B,-1.57B,37M,1.55B,1.06B,885M,,909M,1M,664M,-72M,22M,2.21B,-667M,-625M,,
1,,"399,000,000",0,LNC,"-1,571,000,000","-1,575,000,000","37,000,000","1,551,000,000","1,059,000,000","885,000,000",,"909,000,000","1,000,000","664,000,000","-72,000,000","22,000,000","2,211,000,000","-667,000,000","-625,000,000",,
1,1538265600,490000000,0,LNC,-851000000,-1867000000,37000000,1150000000,-273000000,-315000000,,402000000,2000000,-631000000,-72000000,-18000000,1397000000,164000000,-175000000,,
1,2018-09-30,490M,,LNC,-851M,-1.87B,37M,1.15B,-273M,-315M,,402M,2M,-631M,-72M,-18M,1.4B,164M,-175M,,
1,,"490,000,000",0,LNC,"-851,000,000","-1,867,000,000","37,000,000","1,150,000,000","-273,000,000","-315,000,000",,"402,000,000","2,000,000","-631,000,000","-72,000,000","-18,000,000","1,397,000,000","164,000,000","-175,000,000",,
1,1561852800,249000000,0,L,178000000,-256000000,158000000,-36000000,152000000,101000000,,393000000,15000000,-32000000,-19000000,-94000000,-14000000,196000000,-161000000,,-282000000
1,2019-06-30,249M,,L,178M,-256M,158M,-36M,152M,101M,,393M,15M,-32M,-19M,-94M,-14M,196M,-161M,,-282M
1,,"249,000,000",0,L,"178,000,000","-256,000,000","158,000,000","-36,000,000","152,000,000","101,000,000",,"393,000,000","15,000,000","-32,000,000","-19,000,000","-94,000,000","-14,000,000","196,000,000","-161,000,000",,"-282,000,000"
1,1553990400,394000000,0,L,584000000,300000000,-18000000,-449000000,-219000000,-66000000,2000000,81000000,16000000,-61000000,-19000000,15000000,-95000000,355000000,-317000000,,-223000000
1,2019-03-31,394M,,L,584M,300M,-18M,-449M,-219M,-66M,2M,81M,16M,-61M,-19M,15M,-95M,355M,-317M,,-223M
1,,"394,000,000",0,L,"584,000,000","300,000,000","-18,000,000","-449,000,000","-219,000,000","-66,000,000","2,000,000","81,000,000","16,000,000","-61,000,000","-19,000,000","15,000,000","-95,000,000","355,000,000","-317,000,000",,"-223,000,000"
1,1546214400,-165000000,0,L,-387000000,-727000000,-91000000,-260000000,432000000,-166000000,-6000000,827000000,863000000,-56000000,-20000000,-149000000,-12000000,-357000000,-137000000,,-264000000
1,2018-12-31,-165M,,L,-387M,-727M,-91M,-260M,432M,-166M,-6M,827M,863M,-56M,-20M,-149M,-12M,-357M,-137M,,-264M
1,,"-165,000,000",0,L,"-387,000,000","-727,000,000","-91,000,000","-260,000,000","432,000,000","-166,000,000","-6,000,000","827,000,000","863,000,000","-56,000,000","-20,000,000","-149,000,000","-12,000,000","-357,000,000","-137,000,000",,"-264,000,000"
1,1538265600,278000000,0,L,695000000,520000000,-15000000,-1647000000,-414000000,118000000,1000000,1244000000,16000000,-28000000,-20000000,525000000,-1522000000,622000000,-90000000,,-251000000
1,2018-09-30,278M,,L,695M,520M,-15M,-1.65B,-414M,118M,1M,1.24B,16M,-28M,-20M,525M,-1.52B,622M,-90M,,-251M
1,,"278,000,000",0,L,"695,000,000","520,000,000","-15,000,000","-1,647,000,000","-414,000,000","118,000,000","1,000,000","1,244,000,000","16,000,000","-28,000,000","-20,000,000","525,000,000","-1,522,000,000","622,000,000","-90,000,000",,"-251,000,000"
